user_id,income_range,transaction_count,payment_method_count,subscription_count,expense_tracking_frequency,manual_tracking_frequency,missed_transaction_frequency,budgeting_frequency,impulse_spending_tendency,digital_wallet_usage_pct,savings_behavior_pct,financial_tracking_difficulty,income_ordinal,estimated_income
RESP_IN_00001,"₹6,00,000 - ₹12,00,000",153,5,8,5,3,5,1,5,94.9,11.9,10,3,900000
RESP_IN_00002,"₹6,00,000 - ₹12,00,000",76,3,9,2,3,4,2,4,95.9,21.6,10,3,900000
RESP_IN_00003,"₹3,00,000 - ₹6,00,000",145,6,8,2,3,5,3,5,100.0,22.4,10,2,450000
RESP_IN_00004,"₹3,00,000 - ₹6,00,000",136,6,11,2,2,5,2,2,98.0,24.2,10,2,450000
RESP_IN_00005,"₹6,00,000 - ₹12,00,000",112,3,6,2,4,5,3,3,74.7,27.3,10,3,900000
RESP_IN_00006,"₹6,00,000 - ₹12,00,000",140,6,10,1,1,5,3,5,90.4,19.5,10,3,900000
RESP_IN_00007,"₹3,00,000 - ₹6,00,000",75,2,5,3,1,4,1,3,87.7,24.5,9,2,450000
RESP_IN_00008,"< ₹3,00,000",102,3,5,2,3,5,2,5,86.5,14.3,10,1,200000
RESP_IN_00009,"₹6,00,000 - ₹12,00,000",149,6,9,1,3,5,3,4,98.1,24.9,10,3,900000
RESP_IN_00010,"< ₹3,00,000",85,2,5,2,4,3,3,3,69.2,25.6,8,1,200000
RESP_IN_00011,"₹3,00,000 - ₹6,00,000",89,2,5,3,2,3,3,2,95.0,29.1,8,2,450000
RESP_IN_00012,"₹3,00,000 - ₹6,00,000",113,3,5,5,3,4,2,3,99.6,26.8,10,2,450000
RESP_IN_00013,"₹12,00,000 - ₹25,00,000",119,4,8,3,5,5,2,2,77.6,26.1,10,4,1850000
RESP_IN_00014,"₹6,00,000 - ₹12,00,000",129,5,7,3,5,5,1,3,90.2,29.5,10,3,900000
RESP_IN_00015,"< ₹3,00,000",112,5,4,2,4,5,5,4,100.0,29.2,10,1,200000
RESP_IN_00016,"₹3,00,000 - ₹6,00,000",94,2,6,3,4,3,1,2,93.3,23.8,10,2,450000
RESP_IN_00017,"< ₹3,00,000",111,4,9,1,2,5,1,5,100.0,23.1,10,1,200000
RESP_IN_00018,"₹6,00,000 - ₹12,00,000",100,3,7,2,4,5,2,1,97.7,32.7,10,3,900000
RESP_IN_00019,"> ₹25,00,000",79,1,3,1,3,3,3,4,100.0,22.0,6,5,3500000
RESP_IN_00020,"₹6,00,000 - ₹12,00,000",129,4,8,3,4,3,2,3,85.4,21.1,10,3,900000
RESP_IN_00021,"< ₹3,00,000",120,3,7,2,3,5,3,2,86.6,30.1,10,1,200000
RESP_IN_00022,"₹6,00,000 - ₹12,00,000",111,4,8,1,1,4,3,4,90.8,14.9,10,3,900000
RESP_IN_00023,"₹6,00,000 - ₹12,00,000",152,7,12,3,3,5,4,2,97.5,29.0,10,3,900000
RESP_IN_00024,"₹6,00,000 - ₹12,00,000",123,4,7,3,5,4,1,3,89.8,19.1,10,3,900000
RESP_IN_00025,"₹3,00,000 - ₹6,00,000",73,3,8,2,5,3,3,4,90.7,20.8,9,2,450000
RESP_IN_00026,"₹3,00,000 - ₹6,00,000",117,4,5,1,4,5,2,3,100.0,18.3,10,2,450000
RESP_IN_00027,"₹3,00,000 - ₹6,00,000",129,5,8,3,2,4,2,2,100.0,30.0,10,2,450000
RESP_IN_00028,"< ₹3,00,000",80,3,7,1,2,5,4,2,100.0,28.0,8,1,200000
RESP_IN_00029,"₹12,00,000 - ₹25,00,000",128,3,5,3,5,5,2,4,86.9,20.9,10,4,1850000
RESP_IN_00030,"₹6,00,000 - ₹12,00,000",102,3,6,1,3,4,1,2,78.1,13.5,10,3,900000
RESP_IN_00031,"< ₹3,00,000",91,2,5,1,4,4,1,5,58.2,10.6,10,1,200000
RESP_IN_00032,"₹6,00,000 - ₹12,00,000",156,6,11,2,4,5,2,2,86.4,29.6,10,3,900000
RESP_IN_00033,"₹6,00,000 - ₹12,00,000",132,6,10,3,1,5,1,3,86.0,17.8,10,3,900000
RESP_IN_00034,"₹3,00,000 - ₹6,00,000",125,5,9,5,2,5,3,4,100.0,24.5,10,2,450000
RESP_IN_00035,"< ₹3,00,000",140,7,10,3,2,5,1,4,84.6,14.4,10,1,200000
RESP_IN_00036,"₹6,00,000 - ₹12,00,000",133,4,8,1,2,5,2,5,78.6,10.4,10,3,900000
RESP_IN_00037,"> ₹25,00,000",166,6,12,1,4,5,3,2,100.0,26.4,10,5,3500000
RESP_IN_00038,"₹12,00,000 - ₹25,00,000",94,3,4,2,5,4,3,5,100.0,13.4,10,4,1850000
RESP_IN_00039,"₹3,00,000 - ₹6,00,000",114,4,6,1,2,5,2,3,71.3,22.1,10,2,450000
RESP_IN_00040,"> ₹25,00,000",83,3,7,1,5,5,4,3,100.0,21.0,10,5,3500000
RESP_IN_00041,"₹6,00,000 - ₹12,00,000",93,3,4,3,4,2,1,3,96.9,23.2,9,3,900000
RESP_IN_00042,"₹12,00,000 - ₹25,00,000",85,3,8,1,5,4,2,1,87.0,29.9,10,4,1850000
RESP_IN_00043,"₹3,00,000 - ₹6,00,000",138,6,5,2,4,5,2,2,95.1,31.0,10,2,450000
RESP_IN_00044,"₹6,00,000 - ₹12,00,000",90,3,7,3,3,4,5,2,72.1,38.8,8,3,900000
RESP_IN_00045,"₹6,00,000 - ₹12,00,000",105,4,6,5,3,3,2,4,75.9,20.6,10,3,900000
RESP_IN_00046,"₹12,00,000 - ₹25,00,000",69,2,6,1,4,3,1,3,78.7,19.5,9,4,1850000
RESP_IN_00047,"₹6,00,000 - ₹12,00,000",124,4,13,3,4,5,3,3,87.8,24.5,10,3,900000
RESP_IN_00048,"₹6,00,000 - ₹12,00,000",112,4,6,4,5,4,1,4,72.9,14.7,10,3,900000
RESP_IN_00049,"₹6,00,000 - ₹12,00,000",102,2,4,2,3,3,2,3,100.0,20.4,10,3,900000
RESP_IN_00050,"₹3,00,000 - ₹6,00,000",113,3,6,3,5,4,1,4,93.0,13.9,10,2,450000
RESP_IN_00051,"< ₹3,00,000",103,3,6,4,4,3,3,3,88.2,30.5,10,1,200000
RESP_IN_00052,"₹3,00,000 - ₹6,00,000",82,2,6,3,2,2,3,4,88.5,26.1,8,2,450000
RESP_IN_00053,"₹3,00,000 - ₹6,00,000",109,3,6,2,3,4,1,2,100.0,22.9,10,2,450000
RESP_IN_00054,"₹3,00,000 - ₹6,00,000",114,3,6,4,3,3,4,4,90.0,20.4,8,2,450000
RESP_IN_00055,"₹3,00,000 - ₹6,00,000",141,7,9,2,4,5,2,5,98.9,21.2,10,2,450000
RESP_IN_00056,"< ₹3,00,000",142,6,10,5,3,5,1,2,90.1,22.8,10,1,200000
RESP_IN_00057,"> ₹25,00,000",125,4,7,2,3,4,3,1,90.6,41.4,10,5,3500000
RESP_IN_00058,"₹3,00,000 - ₹6,00,000",91,2,3,1,2,4,2,3,74.2,27.0,8,2,450000
RESP_IN_00059,"₹12,00,000 - ₹25,00,000",108,4,7,2,2,5,3,3,100.0,28.8,10,4,1850000
RESP_IN_00060,"₹3,00,000 - ₹6,00,000",131,4,6,2,2,5,2,1,89.1,29.3,10,2,450000
RESP_IN_00061,"₹3,00,000 - ₹6,00,000",96,3,8,1,2,4,1,5,78.6,14.4,10,2,450000
RESP_IN_00062,"< ₹3,00,000",123,5,11,2,3,5,2,2,85.0,28.7,10,1,200000
RESP_IN_00063,"< ₹3,00,000",149,6,9,3,3,5,1,4,98.4,20.8,10,1,200000
RESP_IN_00064,"₹3,00,000 - ₹6,00,000",109,3,7,2,3,5,4,2,73.7,28.3,10,2,450000
RESP_IN_00065,"₹3,00,000 - ₹6,00,000",113,4,7,3,3,5,3,2,88.3,25.4,10,2,450000
RESP_IN_00066,"₹12,00,000 - ₹25,00,000",121,4,9,2,3,4,3,2,97.6,27.8,10,4,1850000
RESP_IN_00067,"₹3,00,000 - ₹6,00,000",131,4,3,5,2,4,3,4,99.3,24.4,10,2,450000
RESP_IN_00068,"₹12,00,000 - ₹25,00,000",89,3,5,3,3,4,2,3,96.0,32.1,10,4,1850000
RESP_IN_00069,"₹3,00,000 - ₹6,00,000",90,3,9,4,2,3,2,1,86.3,36.8,9,2,450000
RESP_IN_00070,"₹12,00,000 - ₹25,00,000",129,4,9,3,1,5,5,2,91.1,29.4,10,4,1850000
RESP_IN_00071,"₹3,00,000 - ₹6,00,000",102,3,3,4,5,4,2,1,83.3,28.7,10,2,450000
RESP_IN_00072,"₹6,00,000 - ₹12,00,000",138,6,9,5,4,4,3,2,90.2,34.8,10,3,900000
RESP_IN_00073,"₹6,00,000 - ₹12,00,000",137,5,7,2,4,5,2,2,92.3,23.0,10,3,900000
RESP_IN_00074,"< ₹3,00,000",147,6,10,1,2,5,2,2,87.9,28.4,10,1,200000
RESP_IN_00075,"₹3,00,000 - ₹6,00,000",107,3,5,1,4,5,5,4,99.2,38.4,10,2,450000
RESP_IN_00076,"₹3,00,000 - ₹6,00,000",83,2,4,2,3,4,3,5,81.3,14.4,9,2,450000
RESP_IN_00077,"₹6,00,000 - ₹12,00,000",103,4,8,2,2,4,2,3,97.3,24.8,10,3,900000
RESP_IN_00078,"< ₹3,00,000",118,4,8,1,3,5,2,2,94.0,18.4,10,1,200000
RESP_IN_00079,"₹12,00,000 - ₹25,00,000",152,6,6,1,5,5,1,4,100.0,16.4,10,4,1850000
RESP_IN_00080,"₹3,00,000 - ₹6,00,000",96,3,7,4,4,3,2,3,79.3,20.2,10,2,450000
RESP_IN_00081,"₹3,00,000 - ₹6,00,000",141,5,8,5,4,4,4,4,71.5,25.4,10,2,450000
RESP_IN_00082,"< ₹3,00,000",109,4,9,1,3,5,3,2,100.0,30.1,10,1,200000
RESP_IN_00083,"₹6,00,000 - ₹12,00,000",115,4,7,2,5,4,3,4,83.2,23.2,10,3,900000
RESP_IN_00084,"< ₹3,00,000",83,2,4,2,1,2,2,3,100.0,18.2,9,1,200000
RESP_IN_00085,"₹3,00,000 - ₹6,00,000",135,4,7,3,2,5,2,2,90.0,24.7,10,2,450000
RESP_IN_00086,"₹6,00,000 - ₹12,00,000",138,6,9,5,2,5,3,4,99.2,23.2,10,3,900000
RESP_IN_00087,"> ₹25,00,000",89,3,7,2,1,4,1,4,84.0,18.3,10,5,3500000
RESP_IN_00088,"₹3,00,000 - ₹6,00,000",132,5,9,2,4,5,2,5,80.6,14.4,10,2,450000
RESP_IN_00089,"₹3,00,000 - ₹6,00,000",94,3,5,1,2,5,3,4,100.0,20.8,10,2,450000
RESP_IN_00090,"₹3,00,000 - ₹6,00,000",87,3,4,3,3,5,1,1,100.0,29.5,10,2,450000
RESP_IN_00091,"₹12,00,000 - ₹25,00,000",81,3,6,3,3,3,3,1,74.4,31.8,9,4,1850000
RESP_IN_00092,"₹3,00,000 - ₹6,00,000",89,2,5,2,3,3,5,3,81.3,30.6,7,2,450000
RESP_IN_00093,"₹6,00,000 - ₹12,00,000",79,2,5,3,3,3,3,3,75.1,23.0,8,3,900000
RESP_IN_00094,"₹3,00,000 - ₹6,00,000",104,3,7,2,4,4,3,2,100.0,31.7,10,2,450000
RESP_IN_00095,"₹6,00,000 - ₹12,00,000",105,2,4,3,2,4,4,3,98.7,31.8,8,3,900000
RESP_IN_00096,"< ₹3,00,000",136,5,10,4,2,5,1,3,91.1,26.9,10,1,200000
RESP_IN_00097,"₹6,00,000 - ₹12,00,000",155,5,9,4,3,5,2,1,88.4,34.7,10,3,900000
RESP_IN_00098,"₹3,00,000 - ₹6,00,000",100,4,6,3,4,5,2,1,95.1,33.3,10,2,450000
RESP_IN_00099,"₹12,00,000 - ₹25,00,000",117,4,8,1,4,4,1,3,97.7,24.2,10,4,1850000
RESP_IN_00100,"> ₹25,00,000",111,4,6,5,2,3,3,3,97.0,28.0,10,5,3500000
RESP_IN_00101,"₹3,00,000 - ₹6,00,000",84,3,7,1,4,3,1,1,81.4,26.2,7,2,450000
RESP_IN_00102,"₹6,00,000 - ₹12,00,000",137,6,8,5,3,5,2,3,100.0,22.3,10,3,900000
RESP_IN_00103,"₹3,00,000 - ₹6,00,000",108,5,7,3,4,5,3,3,86.5,27.1,10,2,450000
RESP_IN_00104,"₹3,00,000 - ₹6,00,000",154,5,9,1,4,5,5,2,77.6,39.1,10,2,450000
RESP_IN_00105,"< ₹3,00,000",120,4,5,4,3,3,2,3,85.1,20.6,9,1,200000
RESP_IN_00106,"₹3,00,000 - ₹6,00,000",91,2,7,4,2,3,3,4,93.9,22.4,9,2,450000
RESP_IN_00107,"₹3,00,000 - ₹6,00,000",101,3,8,2,4,5,5,2,75.3,31.2,10,2,450000
RESP_IN_00108,"₹6,00,000 - ₹12,00,000",66,3,8,4,2,2,2,4,87.2,17.7,8,3,900000
RESP_IN_00109,"< ₹3,00,000",97,3,7,5,1,3,1,4,69.7,18.9,10,1,200000
RESP_IN_00110,"₹3,00,000 - ₹6,00,000",89,3,9,3,2,3,2,3,96.1,32.0,8,2,450000
RESP_IN_00111,"₹3,00,000 - ₹6,00,000",85,3,8,3,4,4,3,3,85.5,26.8,10,2,450000
RESP_IN_00112,"< ₹3,00,000",127,5,10,2,2,5,2,3,92.5,28.8,10,1,200000
RESP_IN_00113,"< ₹3,00,000",114,4,6,2,1,5,4,3,92.9,34.9,10,1,200000
RESP_IN_00114,"₹12,00,000 - ₹25,00,000",94,2,7,5,5,2,3,2,73.6,28.8,9,4,1850000
RESP_IN_00115,"< ₹3,00,000",116,3,7,2,1,4,5,2,81.2,33.1,8,1,200000
RESP_IN_00116,"₹12,00,000 - ₹25,00,000",95,4,8,3,2,4,3,5,100.0,19.4,10,4,1850000
RESP_IN_00117,"₹6,00,000 - ₹12,00,000",95,3,6,2,4,4,3,3,91.2,23.6,10,3,900000
RESP_IN_00118,"₹3,00,000 - ₹6,00,000",94,2,8,2,3,3,4,1,72.2,37.1,9,2,450000
RESP_IN_00119,"< ₹3,00,000",98,4,9,1,4,4,3,5,89.5,21.4,10,1,200000
RESP_IN_00120,"₹6,00,000 - ₹12,00,000",68,1,5,4,5,1,1,3,84.1,18.1,8,3,900000
RESP_IN_00121,"₹3,00,000 - ₹6,00,000",93,2,6,2,2,4,4,4,84.9,29.1,7,2,450000
RESP_IN_00122,"₹12,00,000 - ₹25,00,000",145,5,8,4,3,5,1,1,83.9,33.4,10,4,1850000
RESP_IN_00123,"< ₹3,00,000",122,4,7,3,5,4,2,4,87.8,25.6,10,1,200000
RESP_IN_00124,"< ₹3,00,000",145,6,8,5,2,5,4,2,94.4,39.3,10,1,200000
RESP_IN_00125,"₹3,00,000 - ₹6,00,000",90,2,5,3,4,4,4,1,85.9,37.1,9,2,450000
RESP_IN_00126,"< ₹3,00,000",111,3,2,4,3,3,5,3,78.7,33.5,8,1,200000
RESP_IN_00127,"₹6,00,000 - ₹12,00,000",52,1,8,1,3,4,3,1,88.9,39.5,7,3,900000
RESP_IN_00128,"₹12,00,000 - ₹25,00,000",91,2,3,4,4,2,1,1,79.5,25.7,9,4,1850000
RESP_IN_00129,"> ₹25,00,000",158,6,9,2,4,5,5,4,93.9,26.9,10,5,3500000
RESP_IN_00130,"₹3,00,000 - ₹6,00,000",134,5,8,1,5,5,3,2,100.0,33.5,10,2,450000
RESP_IN_00131,"> ₹25,00,000",89,2,8,2,3,4,4,3,76.1,29.5,9,5,3500000
RESP_IN_00132,"₹6,00,000 - ₹12,00,000",101,3,6,2,4,4,3,4,100.0,22.4,10,3,900000
RESP_IN_00133,"₹12,00,000 - ₹25,00,000",86,2,5,2,1,3,3,2,86.5,28.8,7,4,1850000
RESP_IN_00134,"₹3,00,000 - ₹6,00,000",101,4,8,2,3,5,1,4,91.7,12.4,10,2,450000
RESP_IN_00135,"₹12,00,000 - ₹25,00,000",134,6,8,4,3,5,2,4,100.0,20.3,10,4,1850000
RESP_IN_00136,"₹3,00,000 - ₹6,00,000",159,5,10,5,4,5,2,3,100.0,22.6,10,2,450000
RESP_IN_00137,"₹3,00,000 - ₹6,00,000",159,7,9,2,3,5,2,2,88.7,33.0,10,2,450000
RESP_IN_00138,"₹6,00,000 - ₹12,00,000",107,3,4,4,5,5,2,1,85.2,26.2,10,3,900000
RESP_IN_00139,"₹3,00,000 - ₹6,00,000",124,4,7,1,3,5,3,4,82.5,15.6,10,2,450000
RESP_IN_00140,"₹6,00,000 - ₹12,00,000",114,2,4,2,4,4,1,2,96.8,29.3,10,3,900000
RESP_IN_00141,"< ₹3,00,000",89,3,5,5,2,3,4,4,89.4,26.2,8,1,200000
RESP_IN_00142,"< ₹3,00,000",99,4,5,4,1,4,4,1,85.9,37.4,9,1,200000
RESP_IN_00143,"₹3,00,000 - ₹6,00,000",103,4,9,4,3,3,1,3,99.1,23.3,10,2,450000
RESP_IN_00144,"₹12,00,000 - ₹25,00,000",78,2,5,2,2,3,2,3,81.2,18.8,9,4,1850000
RESP_IN_00145,"₹3,00,000 - ₹6,00,000",129,4,8,2,1,5,4,4,87.3,26.9,10,2,450000
RESP_IN_00146,"₹3,00,000 - ₹6,00,000",103,3,8,1,3,5,3,3,100.0,32.3,10,2,450000
RESP_IN_00147,"₹6,00,000 - ₹12,00,000",63,1,7,2,3,4,3,2,93.3,29.7,9,3,900000
RESP_IN_00148,"< ₹3,00,000",72,2,3,3,2,2,2,3,95.9,16.5,6,1,200000
RESP_IN_00149,"₹12,00,000 - ₹25,00,000",125,6,9,3,4,5,3,4,87.2,23.5,10,4,1850000
RESP_IN_00150,"₹12,00,000 - ₹25,00,000",108,3,5,2,1,4,2,2,98.5,22.9,9,4,1850000
RESP_IN_00151,"< ₹3,00,000",115,4,8,2,5,5,1,2,95.1,22.5,10,1,200000
RESP_IN_00152,"₹6,00,000 - ₹12,00,000",79,2,3,2,4,4,2,3,71.4,22.4,9,3,900000
RESP_IN_00153,"< ₹3,00,000",105,3,5,5,5,3,1,2,82.2,26.6,10,1,200000
RESP_IN_00154,"₹6,00,000 - ₹12,00,000",124,4,8,1,2,5,1,3,89.8,20.8,10,3,900000
RESP_IN_00155,"₹6,00,000 - ₹12,00,000",75,1,5,2,2,3,2,4,80.3,18.9,8,3,900000
RESP_IN_00156,"₹3,00,000 - ₹6,00,000",91,2,6,4,4,3,1,2,100.0,22.8,10,2,450000
RESP_IN_00157,"₹6,00,000 - ₹12,00,000",168,7,12,2,2,5,1,5,100.0,9.3,10,3,900000
RESP_IN_00158,"₹3,00,000 - ₹6,00,000",88,3,5,2,4,3,3,4,88.5,21.2,10,2,450000
RESP_IN_00159,"₹6,00,000 - ₹12,00,000",87,2,4,3,1,3,1,3,63.5,16.7,9,3,900000
RESP_IN_00160,"₹3,00,000 - ₹6,00,000",111,4,6,3,3,3,3,3,89.5,32.0,10,2,450000
RESP_IN_00161,"₹3,00,000 - ₹6,00,000",98,3,6,2,3,4,5,4,90.1,21.7,9,2,450000
RESP_IN_00162,"₹3,00,000 - ₹6,00,000",148,6,10,4,4,5,1,3,78.5,18.3,10,2,450000
RESP_IN_00163,"< ₹3,00,000",115,3,7,3,3,4,2,3,92.9,29.8,10,1,200000
RESP_IN_00164,"₹12,00,000 - ₹25,00,000",153,6,7,2,4,5,1,3,100.0,25.6,10,4,1850000
RESP_IN_00165,"₹6,00,000 - ₹12,00,000",121,4,6,1,5,5,3,3,69.4,24.1,10,3,900000
RESP_IN_00166,"₹3,00,000 - ₹6,00,000",116,4,10,5,4,4,4,3,85.7,30.2,10,2,450000
RESP_IN_00167,"₹3,00,000 - ₹6,00,000",117,5,10,5,2,4,2,3,83.7,19.9,10,2,450000
RESP_IN_00168,"₹3,00,000 - ₹6,00,000",133,4,7,1,5,3,4,3,91.6,29.8,10,2,450000
RESP_IN_00169,"₹3,00,000 - ₹6,00,000",135,6,10,2,3,5,5,2,78.4,41.3,10,2,450000
RESP_IN_00170,"₹3,00,000 - ₹6,00,000",119,4,6,3,3,4,1,3,100.0,23.0,10,2,450000
RESP_IN_00171,"< ₹3,00,000",127,5,6,2,5,5,1,3,84.7,21.8,10,1,200000
RESP_IN_00172,"₹12,00,000 - ₹25,00,000",157,7,10,1,1,5,2,3,98.0,26.0,10,4,1850000
RESP_IN_00173,"< ₹3,00,000",144,6,9,5,1,4,2,4,96.0,19.4,10,1,200000
RESP_IN_00174,"₹3,00,000 - ₹6,00,000",97,2,6,2,2,5,3,4,93.7,18.8,10,2,450000
RESP_IN_00175,"₹3,00,000 - ₹6,00,000",97,3,5,4,3,4,1,5,91.3,10.4,10,2,450000
RESP_IN_00176,"> ₹25,00,000",132,5,9,3,4,4,4,1,97.4,33.3,10,5,3500000
RESP_IN_00177,"> ₹25,00,000",152,6,9,2,4,5,2,2,93.7,30.1,10,5,3500000
RESP_IN_00178,"₹3,00,000 - ₹6,00,000",142,5,8,4,5,4,1,2,100.0,23.7,10,2,450000
RESP_IN_00179,"₹3,00,000 - ₹6,00,000",148,6,11,2,2,5,2,3,100.0,16.5,10,2,450000
RESP_IN_00180,"< ₹3,00,000",140,5,8,2,2,5,1,2,100.0,24.2,10,1,200000
RESP_IN_00181,"₹3,00,000 - ₹6,00,000",124,4,7,1,2,5,1,3,88.2,24.7,10,2,450000
RESP_IN_00182,"₹3,00,000 - ₹6,00,000",112,3,8,2,2,5,2,4,80.4,13.8,10,2,450000
RESP_IN_00183,"₹12,00,000 - ₹25,00,000",94,4,5,2,5,5,3,2,91.5,29.4,10,4,1850000
RESP_IN_00184,"₹6,00,000 - ₹12,00,000",116,4,7,2,5,5,1,3,95.1,12.5,10,3,900000
RESP_IN_00185,"₹6,00,000 - ₹12,00,000",116,4,7,2,4,5,1,3,90.3,18.7,10,3,900000
RESP_IN_00186,"₹6,00,000 - ₹12,00,000",136,5,8,5,4,5,3,3,91.6,28.8,10,3,900000
RESP_IN_00187,"₹12,00,000 - ₹25,00,000",106,4,8,2,3,4,2,4,85.7,18.9,10,4,1850000
RESP_IN_00188,"₹6,00,000 - ₹12,00,000",88,3,7,3,3,3,4,5,93.1,17.0,9,3,900000
RESP_IN_00189,"₹6,00,000 - ₹12,00,000",125,5,10,4,3,4,3,4,100.0,25.4,10,3,900000
RESP_IN_00190,"₹3,00,000 - ₹6,00,000",100,3,6,2,3,4,5,5,86.3,28.4,10,2,450000
RESP_IN_00191,"₹3,00,000 - ₹6,00,000",84,2,7,2,3,4,2,5,86.3,14.0,10,2,450000
RESP_IN_00192,"< ₹3,00,000",96,3,8,1,4,4,1,5,100.0,18.6,10,1,200000
RESP_IN_00193,"₹3,00,000 - ₹6,00,000",105,4,7,4,2,4,5,2,85.1,27.0,10,2,450000
RESP_IN_00194,"₹3,00,000 - ₹6,00,000",126,4,8,3,4,3,3,2,86.5,31.2,10,2,450000
RESP_IN_00195,"₹3,00,000 - ₹6,00,000",135,4,9,2,2,5,2,3,100.0,22.7,10,2,450000
RESP_IN_00196,"₹3,00,000 - ₹6,00,000",115,4,6,5,2,4,3,1,94.3,34.8,10,2,450000
RESP_IN_00197,"₹12,00,000 - ₹25,00,000",116,5,9,3,3,4,1,4,93.5,18.9,10,4,1850000
RESP_IN_00198,"₹12,00,000 - ₹25,00,000",72,2,8,2,3,4,3,4,100.0,21.8,9,4,1850000
RESP_IN_00199,"< ₹3,00,000",91,3,8,1,2,5,3,2,100.0,27.5,10,1,200000
RESP_IN_00200,"₹3,00,000 - ₹6,00,000",135,5,8,2,3,5,4,2,91.1,30.9,10,2,450000
RESP_IN_00201,"₹3,00,000 - ₹6,00,000",128,5,7,2,4,5,1,1,82.7,25.5,10,2,450000
RESP_IN_00202,"₹3,00,000 - ₹6,00,000",123,4,6,2,4,5,1,2,85.9,21.6,10,2,450000
RESP_IN_00203,"₹6,00,000 - ₹12,00,000",121,4,7,2,3,4,1,2,99.9,24.1,10,3,900000
RESP_IN_00204,"₹6,00,000 - ₹12,00,000",98,3,5,3,4,3,3,2,82.1,28.5,9,3,900000
RESP_IN_00205,"< ₹3,00,000",122,4,8,4,2,4,3,3,97.9,22.8,10,1,200000
RESP_IN_00206,"₹6,00,000 - ₹12,00,000",115,4,7,3,1,4,4,1,100.0,38.7,8,3,900000
RESP_IN_00207,"₹12,00,000 - ₹25,00,000",76,2,4,4,2,2,4,3,92.2,21.7,6,4,1850000
RESP_IN_00208,"₹12,00,000 - ₹25,00,000",113,4,7,1,2,5,1,4,92.9,21.5,10,4,1850000
RESP_IN_00209,"₹12,00,000 - ₹25,00,000",114,4,5,2,2,5,4,3,78.0,25.1,10,4,1850000
RESP_IN_00210,"₹3,00,000 - ₹6,00,000",158,5,4,1,4,5,3,1,85.1,41.0,10,2,450000
RESP_IN_00211,"< ₹3,00,000",122,4,7,3,5,5,1,1,100.0,29.7,10,1,200000
RESP_IN_00212,"₹12,00,000 - ₹25,00,000",126,4,7,1,2,5,2,2,82.6,25.0,10,4,1850000
RESP_IN_00213,"₹12,00,000 - ₹25,00,000",128,5,10,2,1,5,3,3,99.2,31.4,10,4,1850000
RESP_IN_00214,"₹6,00,000 - ₹12,00,000",127,5,7,1,2,5,1,2,100.0,23.6,10,3,900000
RESP_IN_00215,"< ₹3,00,000",107,3,5,4,5,4,2,4,94.0,16.7,10,1,200000
RESP_IN_00216,"₹6,00,000 - ₹12,00,000",127,4,9,5,5,4,4,3,82.0,30.3,10,3,900000
RESP_IN_00217,"₹12,00,000 - ₹25,00,000",110,4,6,2,3,5,2,5,92.5,12.6,10,4,1850000
RESP_IN_00218,"> ₹25,00,000",128,4,7,2,4,4,5,4,82.6,24.8,10,5,3500000
RESP_IN_00219,"< ₹3,00,000",110,4,9,1,2,5,2,1,78.0,26.7,10,1,200000
RESP_IN_00220,"₹3,00,000 - ₹6,00,000",133,5,7,1,2,5,3,5,89.4,24.5,10,2,450000
RESP_IN_00221,"₹12,00,000 - ₹25,00,000",143,5,11,3,1,5,1,3,91.7,24.9,10,4,1850000
RESP_IN_00222,"₹12,00,000 - ₹25,00,000",84,3,4,2,5,4,2,4,81.4,23.4,10,4,1850000
RESP_IN_00223,"₹6,00,000 - ₹12,00,000",85,3,5,2,1,5,2,3,74.9,23.8,9,3,900000
RESP_IN_00224,"₹6,00,000 - ₹12,00,000",111,3,4,3,3,4,1,1,76.1,27.0,9,3,900000
RESP_IN_00225,"₹6,00,000 - ₹12,00,000",164,6,11,3,5,5,1,4,94.9,20.2,10,3,900000
RESP_IN_00226,"₹6,00,000 - ₹12,00,000",98,3,5,1,3,5,3,4,100.0,22.3,10,3,900000
RESP_IN_00227,"₹3,00,000 - ₹6,00,000",78,3,6,4,2,3,1,1,80.9,31.0,10,2,450000
RESP_IN_00228,"₹3,00,000 - ₹6,00,000",127,4,8,2,2,5,2,3,96.7,24.4,10,2,450000
RESP_IN_00229,"₹3,00,000 - ₹6,00,000",137,5,8,2,5,5,2,3,86.7,18.9,10,2,450000
RESP_IN_00230,"> ₹25,00,000",127,5,8,3,3,5,3,3,100.0,26.4,10,5,3500000
RESP_IN_00231,"₹6,00,000 - ₹12,00,000",61,1,3,1,4,3,1,3,89.3,14.4,6,3,900000
RESP_IN_00232,"₹6,00,000 - ₹12,00,000",144,5,8,2,1,5,3,2,95.0,26.3,10,3,900000
RESP_IN_00233,"₹3,00,000 - ₹6,00,000",137,5,8,3,3,5,1,2,100.0,18.9,10,2,450000
RESP_IN_00234,"₹3,00,000 - ₹6,00,000",114,5,9,1,2,5,4,2,96.0,28.2,10,2,450000
RESP_IN_00235,"₹6,00,000 - ₹12,00,000",91,3,6,2,4,3,1,3,69.3,15.0,10,3,900000
RESP_IN_00236,"₹6,00,000 - ₹12,00,000",155,6,6,2,5,5,3,3,100.0,25.5,10,3,900000
RESP_IN_00237,"₹6,00,000 - ₹12,00,000",111,3,6,2,3,4,2,5,77.1,15.1,10,3,900000
RESP_IN_00238,"< ₹3,00,000",92,2,5,2,2,3,4,2,88.7,36.2,7,1,200000
RESP_IN_00239,"₹3,00,000 - ₹6,00,000",107,5,6,1,4,5,1,2,100.0,24.0,10,2,450000
RESP_IN_00240,"₹12,00,000 - ₹25,00,000",73,2,6,4,1,2,2,2,94.3,22.4,7,4,1850000
RESP_IN_00241,"< ₹3,00,000",77,1,6,4,1,2,1,3,89.8,25.8,9,1,200000
RESP_IN_00242,"< ₹3,00,000",119,4,4,2,3,5,3,4,95.6,13.3,10,1,200000
RESP_IN_00243,"₹3,00,000 - ₹6,00,000",63,1,3,1,2,3,1,3,85.5,14.6,7,2,450000
RESP_IN_00244,"₹6,00,000 - ₹12,00,000",71,2,3,2,4,3,3,3,82.1,23.4,8,3,900000
RESP_IN_00245,"₹3,00,000 - ₹6,00,000",82,3,6,5,1,3,4,3,74.5,24.9,8,2,450000
RESP_IN_00246,"₹3,00,000 - ₹6,00,000",71,2,4,1,2,4,2,2,74.5,26.3,7,2,450000
RESP_IN_00247,"₹12,00,000 - ₹25,00,000",97,3,5,2,2,5,3,4,79.8,19.8,10,4,1850000
RESP_IN_00248,"₹6,00,000 - ₹12,00,000",92,2,6,1,4,5,2,2,85.8,18.2,9,3,900000
RESP_IN_00249,"₹12,00,000 - ₹25,00,000",103,3,4,3,4,4,3,2,82.8,24.4,9,4,1850000
RESP_IN_00250,"₹6,00,000 - ₹12,00,000",119,5,6,4,5,4,2,1,100.0,33.3,10,3,900000
RESP_IN_00251,"₹6,00,000 - ₹12,00,000",96,3,6,3,3,5,2,3,83.4,22.8,10,3,900000
RESP_IN_00252,"₹12,00,000 - ₹25,00,000",140,6,7,1,3,5,2,3,88.8,17.0,10,4,1850000
RESP_IN_00253,"₹3,00,000 - ₹6,00,000",141,6,7,2,5,5,1,2,98.6,25.9,10,2,450000
RESP_IN_00254,"₹12,00,000 - ₹25,00,000",101,3,5,1,5,4,3,3,56.5,31.1,9,4,1850000
RESP_IN_00255,"₹3,00,000 - ₹6,00,000",91,3,5,2,2,3,5,5,92.7,25.7,9,2,450000
RESP_IN_00256,"₹6,00,000 - ₹12,00,000",99,3,5,2,2,5,2,1,85.9,33.2,10,3,900000
RESP_IN_00257,"< ₹3,00,000",85,2,8,2,2,2,2,2,93.9,24.6,8,1,200000
RESP_IN_00258,"₹3,00,000 - ₹6,00,000",64,2,6,4,3,1,2,3,99.8,26.4,8,2,450000
RESP_IN_00259,"₹3,00,000 - ₹6,00,000",94,4,6,2,5,4,3,5,91.0,15.7,10,2,450000
RESP_IN_00260,"₹12,00,000 - ₹25,00,000",112,5,10,5,3,5,4,5,100.0,22.2,10,4,1850000
RESP_IN_00261,"₹6,00,000 - ₹12,00,000",95,3,8,1,1,4,3,2,71.7,23.8,9,3,900000
RESP_IN_00262,"₹3,00,000 - ₹6,00,000",163,7,12,3,4,5,2,2,100.0,25.0,10,2,450000
RESP_IN_00263,"< ₹3,00,000",162,7,9,3,3,5,1,3,84.4,29.3,10,1,200000
RESP_IN_00264,"₹6,00,000 - ₹12,00,000",90,2,7,2,3,3,1,1,100.0,28.6,9,3,900000
RESP_IN_00265,"₹3,00,000 - ₹6,00,000",96,3,3,5,3,3,1,2,89.4,17.6,9,2,450000
RESP_IN_00266,"₹6,00,000 - ₹12,00,000",107,5,7,1,3,5,1,1,74.3,28.8,10,3,900000
RESP_IN_00267,"> ₹25,00,000",143,5,8,3,4,5,2,3,80.7,20.3,10,5,3500000
RESP_IN_00268,"< ₹3,00,000",104,3,7,4,4,4,4,3,86.3,28.3,9,1,200000
RESP_IN_00269,"₹6,00,000 - ₹12,00,000",127,4,6,1,4,5,1,3,95.6,20.6,10,3,900000
RESP_IN_00270,"₹6,00,000 - ₹12,00,000",99,2,7,3,3,3,1,4,95.0,14.7,9,3,900000
RESP_IN_00271,"< ₹3,00,000",116,3,5,3,3,5,3,2,94.5,33.4,10,1,200000
RESP_IN_00272,"₹3,00,000 - ₹6,00,000",94,3,7,4,4,3,3,2,86.8,27.2,10,2,450000
RESP_IN_00273,"₹6,00,000 - ₹12,00,000",60,1,6,2,5,3,1,1,87.4,26.3,9,3,900000
RESP_IN_00274,"₹3,00,000 - ₹6,00,000",110,4,7,4,1,5,3,4,90.0,24.1,10,2,450000
RESP_IN_00275,"₹3,00,000 - ₹6,00,000",108,2,5,3,3,3,4,1,96.5,37.8,7,2,450000
RESP_IN_00276,"₹6,00,000 - ₹12,00,000",112,3,6,3,1,5,3,3,100.0,30.0,10,3,900000
RESP_IN_00277,"< ₹3,00,000",108,4,8,2,2,5,2,5,95.6,11.1,10,1,200000
RESP_IN_00278,"> ₹25,00,000",127,4,6,5,2,4,3,3,100.0,22.2,10,5,3500000
RESP_IN_00279,"₹3,00,000 - ₹6,00,000",135,5,6,2,2,5,1,3,86.7,20.8,10,2,450000
RESP_IN_00280,"< ₹3,00,000",112,5,9,4,2,5,3,2,86.5,31.4,10,1,200000
RESP_IN_00281,"₹3,00,000 - ₹6,00,000",117,5,5,3,3,3,2,4,90.8,18.1,10,2,450000
RESP_IN_00282,"₹6,00,000 - ₹12,00,000",118,5,8,2,3,4,3,4,81.0,29.5,10,3,900000
RESP_IN_00283,"> ₹25,00,000",106,3,7,2,3,3,2,3,83.3,26.1,10,5,3500000
RESP_IN_00284,"₹3,00,000 - ₹6,00,000",101,3,5,3,1,3,4,1,83.8,35.2,8,2,450000
RESP_IN_00285,"₹6,00,000 - ₹12,00,000",93,3,7,3,4,4,3,3,76.7,24.2,10,3,900000
RESP_IN_00286,"₹6,00,000 - ₹12,00,000",146,6,11,3,4,5,3,2,96.6,27.6,10,3,900000
RESP_IN_00287,"₹6,00,000 - ₹12,00,000",117,5,8,3,5,5,5,5,87.3,27.3,10,3,900000
RESP_IN_00288,"₹3,00,000 - ₹6,00,000",123,4,6,2,5,4,1,3,100.0,15.7,10,2,450000
RESP_IN_00289,"< ₹3,00,000",101,3,5,1,3,5,3,1,98.5,31.1,9,1,200000
RESP_IN_00290,"₹3,00,000 - ₹6,00,000",115,4,8,3,3,4,4,3,99.2,24.8,10,2,450000
RESP_IN_00291,"₹3,00,000 - ₹6,00,000",109,3,8,3,3,3,2,3,84.9,22.5,10,2,450000
RESP_IN_00292,"₹3,00,000 - ₹6,00,000",116,5,9,4,5,4,4,3,84.5,30.6,10,2,450000
RESP_IN_00293,"₹3,00,000 - ₹6,00,000",133,4,9,2,4,3,4,4,89.6,27.8,10,2,450000
RESP_IN_00294,"₹3,00,000 - ₹6,00,000",132,5,6,3,3,5,2,3,100.0,19.6,10,2,450000
RESP_IN_00295,"₹3,00,000 - ₹6,00,000",99,3,10,5,4,3,3,3,85.5,26.1,10,2,450000
RESP_IN_00296,"₹3,00,000 - ₹6,00,000",110,4,6,1,4,5,2,3,100.0,24.4,10,2,450000
RESP_IN_00297,"₹3,00,000 - ₹6,00,000",108,3,6,3,1,3,3,3,62.8,24.4,8,2,450000
RESP_IN_00298,"< ₹3,00,000",100,3,7,2,3,5,3,2,100.0,33.3,10,1,200000
RESP_IN_00299,"₹6,00,000 - ₹12,00,000",82,2,5,1,1,4,3,4,92.1,24.0,9,3,900000
RESP_IN_00300,"₹6,00,000 - ₹12,00,000",136,7,10,1,4,5,3,4,100.0,20.2,10,3,900000
RESP_IN_00301,"₹3,00,000 - ₹6,00,000",87,2,6,5,3,3,1,2,91.9,24.4,10,2,450000
RESP_IN_00302,"₹3,00,000 - ₹6,00,000",144,5,6,2,4,5,2,3,91.9,23.2,10,2,450000
RESP_IN_00303,"₹6,00,000 - ₹12,00,000",90,3,8,1,2,5,4,2,97.6,29.5,9,3,900000
RESP_IN_00304,"₹12,00,000 - ₹25,00,000",126,4,6,3,2,3,2,3,100.0,26.8,10,4,1850000
RESP_IN_00305,"₹3,00,000 - ₹6,00,000",117,4,8,2,5,5,1,2,80.2,21.2,10,2,450000
RESP_IN_00306,"< ₹3,00,000",101,3,7,4,2,4,3,1,99.3,31.1,9,1,200000
RESP_IN_00307,"₹3,00,000 - ₹6,00,000",98,3,6,2,5,2,3,4,96.9,27.8,10,2,450000
RESP_IN_00308,"₹6,00,000 - ₹12,00,000",99,3,6,3,5,3,2,3,85.2,27.1,10,3,900000
RESP_IN_00309,"₹12,00,000 - ₹25,00,000",76,2,5,4,5,1,2,5,84.3,15.4,9,4,1850000
RESP_IN_00310,"< ₹3,00,000",122,4,8,4,3,5,4,3,100.0,31.8,10,1,200000
RESP_IN_00311,"₹3,00,000 - ₹6,00,000",113,4,7,2,1,5,4,2,95.8,30.2,10,2,450000
RESP_IN_00312,"₹3,00,000 - ₹6,00,000",98,3,7,4,2,4,2,3,93.1,26.8,10,2,450000
RESP_IN_00313,"₹6,00,000 - ₹12,00,000",174,7,13,4,3,5,2,3,99.5,21.9,10,3,900000
RESP_IN_00314,"< ₹3,00,000",112,4,8,2,3,5,1,4,100.0,12.1,10,1,200000
RESP_IN_00315,"₹6,00,000 - ₹12,00,000",104,5,7,1,1,4,3,2,83.4,30.4,10,3,900000
RESP_IN_00316,"₹6,00,000 - ₹12,00,000",80,2,3,2,4,5,2,2,84.0,28.5,10,3,900000
RESP_IN_00317,"₹6,00,000 - ₹12,00,000",117,5,7,1,3,5,2,3,100.0,23.2,10,3,900000
RESP_IN_00318,"₹3,00,000 - ₹6,00,000",113,4,6,1,3,5,1,1,74.3,23.3,10,2,450000
RESP_IN_00319,"< ₹3,00,000",132,5,8,3,5,5,3,2,69.9,31.7,10,1,200000
RESP_IN_00320,"₹3,00,000 - ₹6,00,000",83,2,6,1,5,5,3,2,88.3,28.2,9,2,450000
RESP_IN_00321,"< ₹3,00,000",67,1,5,4,1,1,1,1,78.2,31.3,7,1,200000
RESP_IN_00322,"₹3,00,000 - ₹6,00,000",99,3,6,1,4,4,2,3,100.0,29.7,9,2,450000
RESP_IN_00323,"₹12,00,000 - ₹25,00,000",59,1,5,4,3,1,3,3,86.2,24.1,6,4,1850000
RESP_IN_00324,"₹3,00,000 - ₹6,00,000",68,1,3,2,2,3,2,3,92.2,15.3,7,2,450000
RESP_IN_00325,"₹12,00,000 - ₹25,00,000",84,3,9,3,3,4,3,1,95.1,24.6,10,4,1850000
RESP_IN_00326,"₹6,00,000 - ₹12,00,000",125,5,6,2,3,5,4,3,82.4,35.0,10,3,900000
RESP_IN_00327,"₹6,00,000 - ₹12,00,000",90,3,5,4,4,2,2,5,92.0,13.9,10,3,900000
RESP_IN_00328,"₹6,00,000 - ₹12,00,000",143,5,9,3,5,5,1,1,100.0,30.7,10,3,900000
RESP_IN_00329,"< ₹3,00,000",139,7,10,1,4,5,4,2,95.2,33.5,10,1,200000
RESP_IN_00330,"₹3,00,000 - ₹6,00,000",105,4,9,5,5,4,3,3,100.0,22.7,10,2,450000
RESP_IN_00331,"₹3,00,000 - ₹6,00,000",100,3,8,1,3,4,2,1,93.4,20.1,10,2,450000
RESP_IN_00332,"> ₹25,00,000",151,7,12,2,5,5,2,3,100.0,22.7,10,5,3500000
RESP_IN_00333,"₹3,00,000 - ₹6,00,000",149,5,9,2,3,5,3,4,93.5,20.6,10,2,450000
RESP_IN_00334,"₹6,00,000 - ₹12,00,000",103,3,5,2,4,3,4,2,100.0,26.9,8,3,900000
RESP_IN_00335,"₹6,00,000 - ₹12,00,000",104,4,5,3,1,5,2,2,90.9,25.7,10,3,900000
RESP_IN_00336,"₹6,00,000 - ₹12,00,000",72,2,7,4,4,2,2,4,79.2,17.2,10,3,900000
RESP_IN_00337,"< ₹3,00,000",91,2,6,3,3,3,4,4,69.3,29.1,8,1,200000
RESP_IN_00338,"₹3,00,000 - ₹6,00,000",84,3,4,4,2,3,2,4,67.1,19.0,10,2,450000
RESP_IN_00339,"> ₹25,00,000",113,4,9,2,2,5,4,3,100.0,33.1,10,5,3500000
RESP_IN_00340,"₹3,00,000 - ₹6,00,000",123,4,7,5,4,4,3,2,100.0,24.5,10,2,450000
RESP_IN_00341,"₹6,00,000 - ₹12,00,000",96,3,6,2,3,5,4,2,80.2,27.7,10,3,900000
RESP_IN_00342,"< ₹3,00,000",112,5,9,1,5,5,2,4,100.0,23.8,10,1,200000
RESP_IN_00343,"₹6,00,000 - ₹12,00,000",155,6,7,1,1,5,2,5,100.0,20.9,10,3,900000
RESP_IN_00344,"> ₹25,00,000",110,4,7,5,3,3,3,1,81.3,29.1,10,5,3500000
RESP_IN_00345,"< ₹3,00,000",128,5,9,5,3,4,1,2,88.7,25.7,10,1,200000
RESP_IN_00346,"₹3,00,000 - ₹6,00,000",77,2,8,3,4,2,3,3,100.0,30.2,8,2,450000
RESP_IN_00347,"₹3,00,000 - ₹6,00,000",100,4,8,2,4,3,1,3,73.0,25.4,10,2,450000
RESP_IN_00348,"₹3,00,000 - ₹6,00,000",125,5,8,4,4,5,3,5,86.9,17.6,10,2,450000
RESP_IN_00349,"< ₹3,00,000",126,6,11,2,2,5,1,2,100.0,23.9,10,1,200000
RESP_IN_00350,"₹3,00,000 - ₹6,00,000",69,2,4,4,4,2,2,3,90.4,20.9,8,2,450000
RESP_IN_00351,"₹3,00,000 - ₹6,00,000",105,3,7,4,3,3,4,5,96.8,20.4,9,2,450000
RESP_IN_00352,"< ₹3,00,000",99,4,7,1,2,5,3,3,84.4,27.1,10,1,200000
RESP_IN_00353,"₹3,00,000 - ₹6,00,000",117,4,7,3,4,5,2,3,87.1,26.8,10,2,450000
RESP_IN_00354,"₹3,00,000 - ₹6,00,000",124,4,9,2,5,5,2,3,85.6,25.2,10,2,450000
RESP_IN_00355,"₹12,00,000 - ₹25,00,000",143,5,9,1,1,5,3,1,96.8,34.6,10,4,1850000
RESP_IN_00356,"> ₹25,00,000",92,3,5,3,4,3,1,3,88.7,28.9,10,5,3500000
RESP_IN_00357,"₹6,00,000 - ₹12,00,000",121,4,5,4,2,4,5,1,93.6,42.5,9,3,900000
RESP_IN_00358,"> ₹25,00,000",116,3,6,3,4,5,4,3,100.0,31.6,10,5,3500000
RESP_IN_00359,"< ₹3,00,000",91,2,5,3,5,1,2,4,71.9,20.7,9,1,200000
RESP_IN_00360,"< ₹3,00,000",116,4,7,3,4,4,3,3,89.3,28.7,10,1,200000
RESP_IN_00361,"₹12,00,000 - ₹25,00,000",149,5,8,3,4,5,4,3,100.0,27.7,10,4,1850000
RESP_IN_00362,"₹12,00,000 - ₹25,00,000",125,5,10,1,3,5,2,2,98.2,30.1,10,4,1850000
RESP_IN_00363,"< ₹3,00,000",90,3,4,3,3,4,2,5,83.1,10.5,9,1,200000
RESP_IN_00364,"₹3,00,000 - ₹6,00,000",92,3,7,3,3,4,2,2,87.3,24.8,10,2,450000
RESP_IN_00365,"< ₹3,00,000",99,3,4,1,2,3,2,1,84.3,29.7,7,1,200000
RESP_IN_00366,"₹3,00,000 - ₹6,00,000",103,2,4,5,4,2,1,3,82.4,19.4,9,2,450000
RESP_IN_00367,"₹3,00,000 - ₹6,00,000",119,4,8,4,4,4,2,1,94.1,30.3,10,2,450000
RESP_IN_00368,"< ₹3,00,000",105,4,6,4,3,5,2,4,94.1,18.8,10,1,200000
RESP_IN_00369,"₹6,00,000 - ₹12,00,000",133,6,12,4,2,5,4,3,92.1,25.3,10,3,900000
RESP_IN_00370,"₹3,00,000 - ₹6,00,000",91,3,7,3,3,5,4,2,73.0,35.1,9,2,450000
RESP_IN_00371,"₹6,00,000 - ₹12,00,000",148,6,8,2,5,5,2,5,100.0,16.0,10,3,900000
RESP_IN_00372,"< ₹3,00,000",106,3,6,4,3,3,4,4,89.1,29.0,9,1,200000
RESP_IN_00373,"₹3,00,000 - ₹6,00,000",124,5,9,1,5,5,1,3,94.8,19.7,10,2,450000
RESP_IN_00374,"₹3,00,000 - ₹6,00,000",131,5,8,2,4,5,2,5,82.2,10.2,10,2,450000
RESP_IN_00375,"₹3,00,000 - ₹6,00,000",105,4,6,4,4,3,1,3,84.5,21.4,10,2,450000
RESP_IN_00376,"₹3,00,000 - ₹6,00,000",127,5,6,3,3,5,5,2,100.0,38.9,10,2,450000
RESP_IN_00377,"₹6,00,000 - ₹12,00,000",114,3,8,5,4,3,2,4,76.8,23.9,10,3,900000
RESP_IN_00378,"₹3,00,000 - ₹6,00,000",122,4,7,1,4,5,2,2,84.6,27.9,10,2,450000
RESP_IN_00379,"> ₹25,00,000",103,3,5,2,2,4,2,3,94.3,21.1,10,5,3500000
RESP_IN_00380,"₹3,00,000 - ₹6,00,000",161,7,10,1,4,5,4,1,100.0,37.9,10,2,450000
RESP_IN_00381,"₹6,00,000 - ₹12,00,000",86,2,5,3,5,3,1,2,97.6,22.3,8,3,900000
RESP_IN_00382,"₹6,00,000 - ₹12,00,000",95,3,4,4,5,3,4,3,78.8,29.5,9,3,900000
RESP_IN_00383,"₹12,00,000 - ₹25,00,000",117,3,7,2,4,5,5,5,93.1,28.9,10,4,1850000
RESP_IN_00384,"< ₹3,00,000",78,2,4,1,3,4,2,2,81.3,28.0,7,1,200000
RESP_IN_00385,"< ₹3,00,000",102,3,4,3,1,3,4,4,81.9,30.2,8,1,200000
RESP_IN_00386,"< ₹3,00,000",90,2,5,4,2,3,4,5,86.9,25.8,8,1,200000
RESP_IN_00387,"₹6,00,000 - ₹12,00,000",78,3,6,2,1,4,2,2,85.5,28.8,9,3,900000
RESP_IN_00388,"₹3,00,000 - ₹6,00,000",106,3,6,1,3,4,5,2,94.6,36.3,8,2,450000
RESP_IN_00389,"₹12,00,000 - ₹25,00,000",156,6,6,2,2,5,1,3,82.8,30.0,10,4,1850000
RESP_IN_00390,"< ₹3,00,000",119,3,7,2,2,5,3,4,100.0,25.1,10,1,200000
RESP_IN_00391,"₹12,00,000 - ₹25,00,000",132,5,8,4,4,5,4,1,100.0,38.2,10,4,1850000
RESP_IN_00392,"₹12,00,000 - ₹25,00,000",87,3,8,2,1,2,1,1,80.7,24.2,9,4,1850000
RESP_IN_00393,"₹6,00,000 - ₹12,00,000",103,2,2,4,4,3,4,1,90.2,43.5,7,3,900000
RESP_IN_00394,"₹3,00,000 - ₹6,00,000",100,2,3,1,1,5,5,2,83.9,38.3,8,2,450000
RESP_IN_00395,"₹3,00,000 - ₹6,00,000",73,2,6,4,4,4,3,3,93.1,26.3,9,2,450000
RESP_IN_00396,"₹6,00,000 - ₹12,00,000",86,3,5,2,3,3,4,3,83.4,24.0,8,3,900000
RESP_IN_00397,"₹3,00,000 - ₹6,00,000",129,5,8,1,4,5,2,3,88.8,26.4,10,2,450000
RESP_IN_00398,"₹3,00,000 - ₹6,00,000",124,5,6,1,5,5,4,5,100.0,21.0,10,2,450000
RESP_IN_00399,"₹12,00,000 - ₹25,00,000",72,3,5,4,3,2,2,5,75.6,13.9,10,4,1850000
RESP_IN_00400,"< ₹3,00,000",120,4,7,2,2,5,2,5,95.1,17.1,10,1,200000
RESP_IN_00401,"₹6,00,000 - ₹12,00,000",156,7,9,2,2,5,2,3,85.7,27.7,10,3,900000
RESP_IN_00402,"₹3,00,000 - ₹6,00,000",109,4,9,3,5,4,2,2,95.4,18.2,10,2,450000
RESP_IN_00403,"₹3,00,000 - ₹6,00,000",118,4,8,2,5,5,2,1,86.9,32.8,10,2,450000
RESP_IN_00404,"< ₹3,00,000",91,2,4,1,4,4,4,4,84.3,30.6,8,1,200000
RESP_IN_00405,"₹3,00,000 - ₹6,00,000",128,4,8,2,1,5,1,2,78.4,20.2,10,2,450000
RESP_IN_00406,"₹3,00,000 - ₹6,00,000",138,6,10,3,4,5,3,4,100.0,27.7,10,2,450000
RESP_IN_00407,"₹12,00,000 - ₹25,00,000",117,4,6,3,3,4,2,2,100.0,29.1,10,4,1850000
RESP_IN_00408,"₹12,00,000 - ₹25,00,000",110,3,7,4,3,3,5,4,86.2,29.6,9,4,1850000
RESP_IN_00409,"< ₹3,00,000",66,1,5,1,2,3,3,4,75.1,29.8,7,1,200000
RESP_IN_00410,"₹6,00,000 - ₹12,00,000",121,5,5,2,3,5,5,4,82.7,30.1,10,3,900000
RESP_IN_00411,"₹6,00,000 - ₹12,00,000",115,5,8,2,5,5,3,2,86.4,28.4,10,3,900000
RESP_IN_00412,"> ₹25,00,000",113,4,8,3,1,4,4,4,100.0,21.3,10,5,3500000
RESP_IN_00413,"< ₹3,00,000",99,2,6,2,3,3,4,2,83.3,39.4,7,1,200000
RESP_IN_00414,"> ₹25,00,000",116,5,7,1,2,5,3,3,90.4,19.7,10,5,3500000
RESP_IN_00415,"₹3,00,000 - ₹6,00,000",147,6,9,3,3,5,2,2,87.3,21.0,10,2,450000
RESP_IN_00416,"₹6,00,000 - ₹12,00,000",119,4,7,5,1,2,1,3,79.9,22.8,10,3,900000
RESP_IN_00417,"₹12,00,000 - ₹25,00,000",107,3,6,2,5,5,1,5,91.6,13.4,10,4,1850000
RESP_IN_00418,"< ₹3,00,000",117,4,8,1,3,5,2,1,100.0,29.5,10,1,200000
RESP_IN_00419,"> ₹25,00,000",48,1,7,3,4,2,3,1,99.4,34.2,7,5,3500000
RESP_IN_00420,"₹3,00,000 - ₹6,00,000",155,6,9,3,4,5,4,4,92.5,23.7,10,2,450000
RESP_IN_00421,"₹12,00,000 - ₹25,00,000",108,4,9,2,1,5,2,5,86.4,21.4,10,4,1850000
RESP_IN_00422,"₹12,00,000 - ₹25,00,000",108,4,6,4,2,4,1,4,77.1,21.1,10,4,1850000
RESP_IN_00423,"₹12,00,000 - ₹25,00,000",103,3,9,3,2,5,4,3,99.1,35.1,10,4,1850000
RESP_IN_00424,"₹6,00,000 - ₹12,00,000",134,6,9,5,1,4,3,3,85.0,29.0,10,3,900000
RESP_IN_00425,"< ₹3,00,000",67,2,6,2,2,2,2,2,73.7,25.4,7,1,200000
RESP_IN_00426,"> ₹25,00,000",89,2,6,1,2,4,2,2,94.0,20.0,9,5,3500000
RESP_IN_00427,"₹3,00,000 - ₹6,00,000",111,4,7,2,3,5,4,1,91.1,38.6,10,2,450000
RESP_IN_00428,"< ₹3,00,000",136,5,6,1,3,5,4,2,96.4,30.7,10,1,200000
RESP_IN_00429,"> ₹25,00,000",152,6,9,3,3,5,5,1,84.8,41.6,10,5,3500000
RESP_IN_00430,"₹3,00,000 - ₹6,00,000",101,3,4,2,4,5,4,2,82.6,34.1,10,2,450000
RESP_IN_00431,"₹3,00,000 - ₹6,00,000",80,2,5,4,4,4,3,2,93.4,24.0,9,2,450000
RESP_IN_00432,"₹3,00,000 - ₹6,00,000",93,3,7,1,1,5,4,1,88.4,35.2,10,2,450000
RESP_IN_00433,"₹3,00,000 - ₹6,00,000",130,6,8,5,1,5,4,1,83.1,34.1,10,2,450000
RESP_IN_00434,"< ₹3,00,000",96,4,5,2,3,4,1,4,88.5,19.4,10,1,200000
RESP_IN_00435,"< ₹3,00,000",76,2,3,1,5,4,2,5,91.4,14.7,8,1,200000
RESP_IN_00436,"₹6,00,000 - ₹12,00,000",145,6,10,2,4,5,3,1,95.8,28.2,10,3,900000
RESP_IN_00437,"₹6,00,000 - ₹12,00,000",76,1,6,3,5,4,1,2,94.2,27.8,9,3,900000
RESP_IN_00438,"₹3,00,000 - ₹6,00,000",123,4,8,2,3,4,2,5,100.0,18.0,10,2,450000
RESP_IN_00439,"> ₹25,00,000",90,2,5,4,5,3,2,3,82.0,24.6,9,5,3500000
RESP_IN_00440,"₹12,00,000 - ₹25,00,000",103,3,5,2,3,4,2,1,87.8,36.6,9,4,1850000
RESP_IN_00441,"₹6,00,000 - ₹12,00,000",116,4,6,1,1,5,1,2,80.3,28.6,10,3,900000
RESP_IN_00442,"₹6,00,000 - ₹12,00,000",95,3,8,3,2,4,2,2,91.6,28.2,10,3,900000
RESP_IN_00443,"₹3,00,000 - ₹6,00,000",99,3,6,4,5,3,3,3,100.0,29.3,10,2,450000
RESP_IN_00444,"₹6,00,000 - ₹12,00,000",99,5,7,3,5,5,4,4,100.0,22.6,10,3,900000
RESP_IN_00445,"₹6,00,000 - ₹12,00,000",118,5,7,3,3,5,2,5,100.0,19.3,10,3,900000
RESP_IN_00446,"₹6,00,000 - ₹12,00,000",116,4,7,3,4,5,2,3,90.2,15.1,10,3,900000
RESP_IN_00447,"₹12,00,000 - ₹25,00,000",89,3,8,4,4,3,1,1,64.5,27.5,9,4,1850000
RESP_IN_00448,"₹3,00,000 - ₹6,00,000",106,3,7,3,4,3,4,4,85.9,26.6,10,2,450000
RESP_IN_00449,"₹3,00,000 - ₹6,00,000",99,3,6,4,2,3,2,2,100.0,30.6,10,2,450000
RESP_IN_00450,"₹3,00,000 - ₹6,00,000",107,4,7,2,1,5,1,2,100.0,23.3,10,2,450000
RESP_IN_00451,"₹12,00,000 - ₹25,00,000",131,5,8,2,5,5,2,1,98.7,36.5,10,4,1850000
RESP_IN_00452,"₹12,00,000 - ₹25,00,000",92,2,7,1,3,3,1,4,85.7,15.4,10,4,1850000
RESP_IN_00453,"₹12,00,000 - ₹25,00,000",147,6,9,2,5,5,2,3,79.7,16.3,10,4,1850000
RESP_IN_00454,"₹6,00,000 - ₹12,00,000",123,4,6,5,4,4,1,4,100.0,22.3,10,3,900000
RESP_IN_00455,"> ₹25,00,000",86,3,8,2,3,3,2,5,100.0,10.3,10,5,3500000
RESP_IN_00456,"₹3,00,000 - ₹6,00,000",79,3,7,3,2,2,3,5,87.9,26.8,9,2,450000
RESP_IN_00457,"< ₹3,00,000",124,4,8,5,3,3,2,3,100.0,20.8,10,1,200000
RESP_IN_00458,"₹12,00,000 - ₹25,00,000",101,3,6,3,1,4,2,4,98.7,19.8,10,4,1850000
RESP_IN_00459,"> ₹25,00,000",116,4,9,2,5,5,3,4,92.8,22.5,10,5,3500000
RESP_IN_00460,"₹3,00,000 - ₹6,00,000",92,3,8,3,1,5,2,5,94.7,16.2,10,2,450000
RESP_IN_00461,"₹3,00,000 - ₹6,00,000",153,6,12,1,4,5,4,2,89.1,31.8,10,2,450000
RESP_IN_00462,"₹3,00,000 - ₹6,00,000",100,3,6,1,1,5,3,3,96.3,21.6,10,2,450000
RESP_IN_00463,"₹12,00,000 - ₹25,00,000",122,4,7,2,4,5,2,5,81.8,22.4,10,4,1850000
RESP_IN_00464,"₹6,00,000 - ₹12,00,000",88,5,9,1,3,4,4,3,84.0,30.8,10,3,900000
RESP_IN_00465,"₹6,00,000 - ₹12,00,000",134,5,9,2,5,5,3,2,100.0,31.0,10,3,900000
RESP_IN_00466,"< ₹3,00,000",96,4,5,3,1,4,1,3,75.0,17.1,10,1,200000
RESP_IN_00467,"< ₹3,00,000",85,3,6,3,2,4,2,2,88.4,29.7,10,1,200000
RESP_IN_00468,"< ₹3,00,000",164,6,8,2,2,5,1,3,100.0,14.7,10,1,200000
RESP_IN_00469,"₹6,00,000 - ₹12,00,000",87,3,5,3,3,3,3,1,87.5,34.4,8,3,900000
RESP_IN_00470,"< ₹3,00,000",112,4,9,3,5,5,2,3,88.1,22.5,10,1,200000
RESP_IN_00471,"₹3,00,000 - ₹6,00,000",105,3,8,4,5,3,2,4,95.5,14.8,10,2,450000
RESP_IN_00472,"₹3,00,000 - ₹6,00,000",140,5,6,3,5,5,5,4,79.0,24.5,10,2,450000
RESP_IN_00473,"₹3,00,000 - ₹6,00,000",105,3,5,3,3,3,4,5,73.5,21.8,10,2,450000
RESP_IN_00474,"< ₹3,00,000",93,2,5,2,2,4,4,3,80.8,28.7,8,1,200000
RESP_IN_00475,"₹6,00,000 - ₹12,00,000",132,5,6,4,2,5,1,3,92.3,22.3,10,3,900000
RESP_IN_00476,"< ₹3,00,000",93,3,6,2,4,3,3,5,99.0,23.9,10,1,200000
RESP_IN_00477,"₹3,00,000 - ₹6,00,000",104,3,5,4,3,4,2,4,89.8,19.9,10,2,450000
RESP_IN_00478,"₹3,00,000 - ₹6,00,000",123,5,8,4,1,4,1,3,99.0,22.4,10,2,450000
RESP_IN_00479,"₹3,00,000 - ₹6,00,000",163,7,10,3,5,5,2,2,100.0,27.4,10,2,450000
RESP_IN_00480,"₹3,00,000 - ₹6,00,000",92,2,5,5,3,2,4,3,89.4,26.2,7,2,450000
RESP_IN_00481,"₹3,00,000 - ₹6,00,000",107,3,6,2,4,5,1,1,100.0,27.8,10,2,450000
RESP_IN_00482,"₹12,00,000 - ₹25,00,000",99,3,6,1,1,4,2,2,65.3,24.9,10,4,1850000
RESP_IN_00483,"₹6,00,000 - ₹12,00,000",102,4,6,2,5,4,2,2,83.5,31.4,10,3,900000
RESP_IN_00484,"< ₹3,00,000",111,4,6,1,2,5,4,3,94.3,34.8,9,1,200000
RESP_IN_00485,"₹6,00,000 - ₹12,00,000",112,4,9,1,2,5,3,2,97.1,29.7,10,3,900000
RESP_IN_00486,"₹6,00,000 - ₹12,00,000",131,5,6,2,2,5,5,2,100.0,30.7,10,3,900000
RESP_IN_00487,"< ₹3,00,000",130,5,6,2,2,5,1,5,90.1,13.0,10,1,200000
RESP_IN_00488,"₹12,00,000 - ₹25,00,000",81,3,8,2,4,5,2,1,88.6,30.8,10,4,1850000
RESP_IN_00489,"₹6,00,000 - ₹12,00,000",87,3,5,3,4,4,4,3,80.6,27.5,10,3,900000
RESP_IN_00490,"< ₹3,00,000",120,6,11,2,3,5,2,2,100.0,18.7,10,1,200000
RESP_IN_00491,"₹12,00,000 - ₹25,00,000",95,3,7,2,3,4,3,1,86.1,26.2,10,4,1850000
RESP_IN_00492,"> ₹25,00,000",85,3,6,5,1,3,5,3,88.9,35.0,8,5,3500000
RESP_IN_00493,"₹6,00,000 - ₹12,00,000",116,4,9,5,1,3,3,4,100.0,25.3,10,3,900000
RESP_IN_00494,"₹6,00,000 - ₹12,00,000",165,7,10,1,2,5,3,4,93.8,21.9,10,3,900000
RESP_IN_00495,"₹12,00,000 - ₹25,00,000",136,6,7,2,3,5,3,2,96.5,28.5,10,4,1850000
RESP_IN_00496,"₹3,00,000 - ₹6,00,000",98,3,9,4,3,4,1,2,100.0,19.4,10,2,450000
RESP_IN_00497,"₹6,00,000 - ₹12,00,000",103,3,6,2,5,5,1,2,100.0,21.3,10,3,900000
RESP_IN_00498,"₹12,00,000 - ₹25,00,000",99,2,8,3,3,4,1,1,83.7,24.2,10,4,1850000
RESP_IN_00499,"< ₹3,00,000",118,5,8,2,5,5,3,5,90.2,19.5,10,1,200000
RESP_IN_00500,"< ₹3,00,000",113,4,6,4,3,3,1,3,99.3,16.2,10,1,200000
RESP_IN_00501,"₹3,00,000 - ₹6,00,000",95,3,8,1,3,3,2,4,88.2,19.6,10,2,450000
RESP_IN_00502,"< ₹3,00,000",115,4,5,2,5,4,1,4,85.4,11.4,10,1,200000
RESP_IN_00503,"< ₹3,00,000",76,2,7,1,4,3,2,4,74.7,18.9,10,1,200000
RESP_IN_00504,"₹3,00,000 - ₹6,00,000",166,6,9,5,3,5,1,4,85.0,15.2,10,2,450000
RESP_IN_00505,"< ₹3,00,000",129,5,6,4,5,5,2,2,100.0,25.3,10,1,200000
RESP_IN_00506,"₹3,00,000 - ₹6,00,000",149,5,9,3,2,5,3,1,100.0,37.1,10,2,450000
RESP_IN_00507,"₹6,00,000 - ₹12,00,000",105,3,6,1,2,5,3,3,80.5,30.4,9,3,900000
RESP_IN_00508,"₹3,00,000 - ₹6,00,000",151,6,8,5,2,5,3,3,88.3,24.3,10,2,450000
RESP_IN_00509,"₹12,00,000 - ₹25,00,000",111,4,3,2,3,4,3,3,100.0,26.2,10,4,1850000
RESP_IN_00510,"₹3,00,000 - ₹6,00,000",108,5,7,3,5,5,3,2,100.0,27.9,10,2,450000
RESP_IN_00511,"₹6,00,000 - ₹12,00,000",104,4,6,2,4,5,1,2,100.0,29.1,10,3,900000
RESP_IN_00512,"₹3,00,000 - ₹6,00,000",144,6,8,2,4,5,4,2,86.6,33.2,10,2,450000
RESP_IN_00513,"< ₹3,00,000",101,4,8,4,1,3,2,5,82.6,16.8,10,1,200000
RESP_IN_00514,"₹3,00,000 - ₹6,00,000",108,4,3,1,4,3,2,4,86.7,23.8,9,2,450000
RESP_IN_00515,"₹6,00,000 - ₹12,00,000",73,1,4,1,5,3,4,3,82.7,27.7,6,3,900000
RESP_IN_00516,"< ₹3,00,000",87,4,8,5,3,3,3,2,94.7,29.3,9,1,200000
RESP_IN_00517,"₹6,00,000 - ₹12,00,000",152,6,7,5,3,5,2,2,93.0,26.7,10,3,900000
RESP_IN_00518,"< ₹3,00,000",97,3,6,1,4,4,1,3,83.5,21.7,10,1,200000
RESP_IN_00519,"₹3,00,000 - ₹6,00,000",109,4,9,2,5,5,2,3,86.0,22.2,10,2,450000
RESP_IN_00520,"₹6,00,000 - ₹12,00,000",125,4,6,2,4,5,2,3,100.0,23.4,10,3,900000
RESP_IN_00521,"₹12,00,000 - ₹25,00,000",133,5,8,3,3,5,3,4,93.4,26.9,10,4,1850000
RESP_IN_00522,"₹6,00,000 - ₹12,00,000",73,2,4,3,5,3,3,3,92.5,30.6,7,3,900000
RESP_IN_00523,"₹6,00,000 - ₹12,00,000",118,4,5,2,3,5,4,4,88.7,24.0,10,3,900000
RESP_IN_00524,"₹12,00,000 - ₹25,00,000",92,3,9,5,5,3,1,2,90.8,21.9,10,4,1850000
RESP_IN_00525,"₹12,00,000 - ₹25,00,000",128,4,7,1,4,5,1,4,96.2,16.7,10,4,1850000
RESP_IN_00526,"₹12,00,000 - ₹25,00,000",121,3,7,2,1,4,1,4,80.8,23.9,10,4,1850000
RESP_IN_00527,"₹6,00,000 - ₹12,00,000",155,6,9,3,3,5,3,2,82.9,28.7,10,3,900000
RESP_IN_00528,"₹12,00,000 - ₹25,00,000",64,1,4,3,2,1,1,3,97.7,15.6,6,4,1850000
RESP_IN_00529,"₹3,00,000 - ₹6,00,000",138,6,9,2,5,5,1,3,87.9,26.5,10,2,450000
RESP_IN_00530,"₹6,00,000 - ₹12,00,000",117,5,8,3,5,5,5,4,99.6,37.8,10,3,900000
RESP_IN_00531,"₹3,00,000 - ₹6,00,000",83,2,8,2,1,4,1,1,74.0,23.6,9,2,450000
RESP_IN_00532,"₹6,00,000 - ₹12,00,000",94,3,6,2,3,3,4,1,73.6,29.0,9,3,900000
RESP_IN_00533,"₹3,00,000 - ₹6,00,000",83,2,4,1,3,4,1,3,82.9,19.5,8,2,450000
RESP_IN_00534,"> ₹25,00,000",100,3,8,2,4,5,4,2,96.2,30.3,10,5,3500000
RESP_IN_00535,"₹12,00,000 - ₹25,00,000",133,6,10,2,2,5,2,3,100.0,17.7,10,4,1850000
RESP_IN_00536,"> ₹25,00,000",84,4,8,2,4,4,1,2,80.6,30.3,10,5,3500000
RESP_IN_00537,"₹3,00,000 - ₹6,00,000",143,5,10,3,2,5,3,3,100.0,26.2,10,2,450000
RESP_IN_00538,"₹3,00,000 - ₹6,00,000",66,2,9,2,3,2,4,1,96.1,34.1,7,2,450000
RESP_IN_00539,"₹12,00,000 - ₹25,00,000",109,3,7,4,2,3,1,1,98.2,24.3,8,4,1850000
RESP_IN_00540,"₹6,00,000 - ₹12,00,000",153,6,9,4,2,5,4,3,97.6,39.5,10,3,900000
RESP_IN_00541,"₹6,00,000 - ₹12,00,000",101,3,4,3,1,3,1,2,87.7,23.0,10,3,900000
RESP_IN_00542,"₹6,00,000 - ₹12,00,000",123,4,8,4,4,4,1,2,92.9,22.6,10,3,900000
RESP_IN_00543,"< ₹3,00,000",138,5,7,2,4,5,2,1,94.9,30.3,10,1,200000
RESP_IN_00544,"₹12,00,000 - ₹25,00,000",111,4,6,3,4,5,5,2,98.2,44.0,10,4,1850000
RESP_IN_00545,"< ₹3,00,000",90,3,6,1,2,5,1,4,91.5,17.0,10,1,200000
RESP_IN_00546,"₹12,00,000 - ₹25,00,000",135,4,7,3,3,4,1,2,94.5,26.2,10,4,1850000
RESP_IN_00547,"₹6,00,000 - ₹12,00,000",181,7,12,2,5,5,4,5,98.1,18.1,10,3,900000
RESP_IN_00548,"₹6,00,000 - ₹12,00,000",99,3,6,2,4,4,3,1,92.6,37.9,10,3,900000
RESP_IN_00549,"₹12,00,000 - ₹25,00,000",146,6,9,2,2,5,4,4,87.8,20.9,10,4,1850000
RESP_IN_00550,"< ₹3,00,000",108,2,4,2,4,5,4,2,88.9,29.6,9,1,200000
RESP_IN_00551,"₹3,00,000 - ₹6,00,000",135,5,8,1,2,5,1,2,100.0,23.2,10,2,450000
RESP_IN_00552,"> ₹25,00,000",135,4,7,2,3,5,2,2,87.8,34.6,10,5,3500000
RESP_IN_00553,"> ₹25,00,000",123,3,5,4,4,5,4,1,84.4,38.8,10,5,3500000
RESP_IN_00554,"₹3,00,000 - ₹6,00,000",83,2,8,3,4,4,5,3,97.7,31.5,10,2,450000
RESP_IN_00555,"₹3,00,000 - ₹6,00,000",104,3,4,2,5,5,3,4,94.9,27.4,10,2,450000
RESP_IN_00556,"₹6,00,000 - ₹12,00,000",124,4,5,2,2,5,3,5,100.0,18.1,10,3,900000
RESP_IN_00557,"₹3,00,000 - ₹6,00,000",102,3,8,3,4,3,3,2,94.7,31.7,10,2,450000
RESP_IN_00558,"₹3,00,000 - ₹6,00,000",118,5,7,2,2,5,1,2,85.4,27.2,10,2,450000
RESP_IN_00559,"₹3,00,000 - ₹6,00,000",115,3,6,1,5,5,1,5,94.8,26.4,10,2,450000
RESP_IN_00560,"₹3,00,000 - ₹6,00,000",102,3,6,2,1,4,3,3,85.8,27.2,9,2,450000
RESP_IN_00561,"< ₹3,00,000",139,5,5,2,1,5,3,3,100.0,32.2,10,1,200000
RESP_IN_00562,"₹6,00,000 - ₹12,00,000",107,3,5,4,4,3,2,4,83.4,30.1,10,3,900000
RESP_IN_00563,"₹6,00,000 - ₹12,00,000",83,2,6,3,3,3,3,1,80.5,34.7,7,3,900000
RESP_IN_00564,"₹3,00,000 - ₹6,00,000",93,3,7,1,4,5,1,4,75.9,12.1,10,2,450000
RESP_IN_00565,"< ₹3,00,000",137,4,6,1,5,5,1,4,85.9,22.3,10,1,200000
RESP_IN_00566,"₹3,00,000 - ₹6,00,000",97,4,6,1,4,5,2,2,82.9,27.0,10,2,450000
RESP_IN_00567,"> ₹25,00,000",113,4,7,4,3,3,1,2,92.8,28.5,10,5,3500000
RESP_IN_00568,"₹3,00,000 - ₹6,00,000",177,7,12,1,1,5,4,4,90.1,27.8,10,2,450000
RESP_IN_00569,"₹3,00,000 - ₹6,00,000",127,5,8,4,1,5,4,2,92.4,27.1,10,2,450000
RESP_IN_00570,"₹6,00,000 - ₹12,00,000",109,3,6,2,4,4,3,4,87.2,22.9,10,3,900000
RESP_IN_00571,"₹3,00,000 - ₹6,00,000",128,4,6,3,2,4,2,3,100.0,21.2,10,2,450000
RESP_IN_00572,"< ₹3,00,000",105,2,3,2,3,5,3,3,96.2,28.0,10,1,200000
RESP_IN_00573,"< ₹3,00,000",100,4,5,2,4,5,1,3,92.1,23.5,10,1,200000
RESP_IN_00574,"₹3,00,000 - ₹6,00,000",106,3,7,1,2,5,2,4,97.0,19.5,10,2,450000
RESP_IN_00575,"< ₹3,00,000",134,4,5,3,3,4,4,3,90.7,24.8,10,1,200000
RESP_IN_00576,"₹12,00,000 - ₹25,00,000",69,2,4,3,3,2,1,3,89.2,17.2,6,4,1850000
RESP_IN_00577,"< ₹3,00,000",150,4,4,3,4,4,1,2,99.5,19.5,10,1,200000
RESP_IN_00578,"₹6,00,000 - ₹12,00,000",135,5,6,4,2,4,2,2,92.7,30.2,10,3,900000
RESP_IN_00579,"₹3,00,000 - ₹6,00,000",132,6,11,2,4,5,4,4,99.0,28.7,10,2,450000
RESP_IN_00580,"₹3,00,000 - ₹6,00,000",124,4,8,2,2,5,5,5,93.8,26.5,10,2,450000
RESP_IN_00581,"< ₹3,00,000",160,6,9,4,3,5,2,5,100.0,14.3,10,1,200000
RESP_IN_00582,"₹6,00,000 - ₹12,00,000",98,4,4,3,5,4,1,2,95.8,24.5,10,3,900000
RESP_IN_00583,"₹6,00,000 - ₹12,00,000",128,3,5,2,3,3,1,2,100.0,21.6,10,3,900000
RESP_IN_00584,"< ₹3,00,000",102,4,9,4,2,4,1,2,92.1,24.1,10,1,200000
RESP_IN_00585,"₹12,00,000 - ₹25,00,000",114,4,6,2,3,5,3,3,100.0,26.6,10,4,1850000
RESP_IN_00586,"₹3,00,000 - ₹6,00,000",101,4,8,4,3,5,3,4,90.2,22.7,10,2,450000
RESP_IN_00587,"₹3,00,000 - ₹6,00,000",135,6,9,4,3,4,2,2,78.5,21.8,10,2,450000
RESP_IN_00588,"< ₹3,00,000",156,7,13,1,4,5,4,2,95.6,30.1,10,1,200000
RESP_IN_00589,"₹6,00,000 - ₹12,00,000",137,5,7,3,3,5,2,2,95.7,27.8,10,3,900000
RESP_IN_00590,"₹3,00,000 - ₹6,00,000",146,7,12,2,2,5,3,2,87.7,36.2,10,2,450000
RESP_IN_00591,"₹3,00,000 - ₹6,00,000",129,4,6,1,2,5,1,4,84.5,16.0,10,2,450000
RESP_IN_00592,"₹3,00,000 - ₹6,00,000",111,3,6,4,2,3,3,5,80.7,27.5,10,2,450000
RESP_IN_00593,"₹6,00,000 - ₹12,00,000",136,5,10,5,3,5,3,3,100.0,28.6,10,3,900000
RESP_IN_00594,"₹6,00,000 - ₹12,00,000",96,2,7,5,2,2,3,4,93.5,28.5,9,3,900000
RESP_IN_00595,"₹6,00,000 - ₹12,00,000",110,3,7,4,4,4,3,3,77.8,23.3,10,3,900000
RESP_IN_00596,"₹3,00,000 - ₹6,00,000",150,6,11,2,1,5,4,2,100.0,39.5,10,2,450000
RESP_IN_00597,"< ₹3,00,000",130,3,8,2,2,5,1,3,79.4,19.7,10,1,200000
RESP_IN_00598,"₹3,00,000 - ₹6,00,000",107,3,7,2,4,4,2,1,96.6,31.4,10,2,450000
RESP_IN_00599,"₹6,00,000 - ₹12,00,000",90,3,4,2,3,4,4,2,77.3,35.3,9,3,900000
RESP_IN_00600,"₹6,00,000 - ₹12,00,000",99,4,8,1,4,5,3,3,93.2,27.4,10,3,900000
RESP_IN_00601,"₹3,00,000 - ₹6,00,000",53,1,6,4,3,2,3,2,76.6,35.0,6,2,450000
RESP_IN_00602,"₹6,00,000 - ₹12,00,000",106,5,7,2,3,5,3,3,86.3,33.9,10,3,900000
RESP_IN_00603,"₹3,00,000 - ₹6,00,000",118,3,5,2,3,4,1,3,79.1,19.6,10,2,450000
RESP_IN_00604,"₹6,00,000 - ₹12,00,000",134,6,9,3,3,5,4,3,96.2,28.8,10,3,900000
RESP_IN_00605,"₹3,00,000 - ₹6,00,000",77,3,6,3,5,3,3,3,76.9,27.1,10,2,450000
RESP_IN_00606,"₹3,00,000 - ₹6,00,000",99,3,7,1,4,4,4,5,90.9,18.7,10,2,450000
RESP_IN_00607,"₹12,00,000 - ₹25,00,000",104,4,7,2,4,5,1,3,100.0,16.3,10,4,1850000
RESP_IN_00608,"₹6,00,000 - ₹12,00,000",108,3,7,3,1,5,2,5,84.4,9.5,10,3,900000
RESP_IN_00609,"₹3,00,000 - ₹6,00,000",111,4,7,2,3,5,2,5,90.1,7.0,10,2,450000
RESP_IN_00610,"₹6,00,000 - ₹12,00,000",102,3,7,2,1,5,4,2,81.7,29.4,10,3,900000
RESP_IN_00611,"₹3,00,000 - ₹6,00,000",145,7,12,2,3,5,1,4,100.0,13.9,10,2,450000
RESP_IN_00612,"₹6,00,000 - ₹12,00,000",86,2,7,1,2,4,4,4,88.0,22.5,9,3,900000
RESP_IN_00613,"₹6,00,000 - ₹12,00,000",157,6,8,2,4,5,1,4,100.0,17.3,10,3,900000
RESP_IN_00614,"₹3,00,000 - ₹6,00,000",90,3,7,2,5,4,3,2,80.7,28.6,10,2,450000
RESP_IN_00615,"₹6,00,000 - ₹12,00,000",121,3,5,2,3,4,5,3,82.8,36.9,9,3,900000
RESP_IN_00616,"₹3,00,000 - ₹6,00,000",107,4,8,5,3,3,3,3,98.4,23.3,10,2,450000
RESP_IN_00617,"₹3,00,000 - ₹6,00,000",112,5,7,3,4,5,4,4,96.3,27.2,10,2,450000
RESP_IN_00618,"₹6,00,000 - ₹12,00,000",129,5,7,1,2,5,4,3,93.5,32.7,10,3,900000
RESP_IN_00619,"₹3,00,000 - ₹6,00,000",93,2,6,2,4,3,5,3,82.2,36.2,9,2,450000
RESP_IN_00620,"< ₹3,00,000",115,3,5,3,5,4,3,3,92.9,26.5,10,1,200000
RESP_IN_00621,"₹3,00,000 - ₹6,00,000",124,4,9,4,1,5,5,1,100.0,39.3,10,2,450000
RESP_IN_00622,"₹3,00,000 - ₹6,00,000",114,4,7,2,4,4,1,3,100.0,13.7,10,2,450000
RESP_IN_00623,"₹6,00,000 - ₹12,00,000",69,2,6,1,4,4,3,1,89.0,33.2,8,3,900000
RESP_IN_00624,"₹6,00,000 - ₹12,00,000",71,1,5,3,1,2,3,4,76.3,26.3,6,3,900000
RESP_IN_00625,"₹12,00,000 - ₹25,00,000",108,3,5,1,5,4,3,2,93.2,31.7,9,4,1850000
RESP_IN_00626,"₹6,00,000 - ₹12,00,000",105,4,6,2,4,5,4,2,76.9,28.6,10,3,900000
RESP_IN_00627,"₹3,00,000 - ₹6,00,000",93,4,8,2,1,5,1,2,94.3,24.0,10,2,450000
RESP_IN_00628,"₹6,00,000 - ₹12,00,000",68,3,6,2,5,4,3,3,100.0,28.5,10,3,900000
RESP_IN_00629,"₹6,00,000 - ₹12,00,000",136,5,7,3,3,5,1,4,100.0,18.2,10,3,900000
RESP_IN_00630,"₹6,00,000 - ₹12,00,000",145,7,11,1,2,5,1,4,100.0,10.9,10,3,900000
RESP_IN_00631,"₹3,00,000 - ₹6,00,000",111,3,5,2,3,4,2,4,84.2,15.6,10,2,450000
RESP_IN_00632,"₹6,00,000 - ₹12,00,000",82,2,5,4,2,1,2,2,82.7,24.1,7,3,900000
RESP_IN_00633,"₹12,00,000 - ₹25,00,000",71,2,5,4,4,2,3,3,85.2,29.8,9,4,1850000
RESP_IN_00634,"₹3,00,000 - ₹6,00,000",101,3,5,2,4,4,1,3,86.4,23.5,10,2,450000
RESP_IN_00635,"₹6,00,000 - ₹12,00,000",82,2,8,3,4,2,3,4,98.7,19.0,9,3,900000
RESP_IN_00636,"₹3,00,000 - ₹6,00,000",154,6,5,3,2,5,1,3,100.0,24.7,10,2,450000
RESP_IN_00637,"₹3,00,000 - ₹6,00,000",156,5,7,2,2,5,2,2,100.0,28.1,10,2,450000
RESP_IN_00638,"₹6,00,000 - ₹12,00,000",138,4,7,4,1,5,4,2,85.9,39.5,10,3,900000
RESP_IN_00639,"< ₹3,00,000",132,4,8,3,1,4,2,3,93.4,23.2,10,1,200000
RESP_IN_00640,"< ₹3,00,000",116,4,5,1,3,5,3,2,97.4,30.5,10,1,200000
RESP_IN_00641,"< ₹3,00,000",122,4,9,2,3,5,3,3,76.9,25.5,10,1,200000
RESP_IN_00642,"₹3,00,000 - ₹6,00,000",103,3,4,1,2,5,1,3,97.8,19.6,10,2,450000
RESP_IN_00643,"₹3,00,000 - ₹6,00,000",121,4,8,1,4,5,1,3,98.1,16.8,10,2,450000
RESP_IN_00644,"₹6,00,000 - ₹12,00,000",138,4,6,2,2,5,2,4,100.0,24.1,10,3,900000
RESP_IN_00645,"₹3,00,000 - ₹6,00,000",129,6,11,3,5,4,2,3,78.7,20.6,10,2,450000
RESP_IN_00646,"< ₹3,00,000",117,4,9,4,3,4,1,1,82.1,28.4,10,1,200000
RESP_IN_00647,"₹6,00,000 - ₹12,00,000",123,5,8,4,4,5,4,5,95.1,27.0,10,3,900000
RESP_IN_00648,"₹6,00,000 - ₹12,00,000",78,3,6,4,1,3,2,4,89.9,16.5,9,3,900000
RESP_IN_00649,"< ₹3,00,000",107,3,10,4,2,3,1,3,94.3,17.1,10,1,200000
RESP_IN_00650,"< ₹3,00,000",165,7,9,1,1,5,3,4,100.0,27.5,10,1,200000
RESP_IN_00651,"> ₹25,00,000",88,3,5,2,2,5,4,2,81.5,25.8,10,5,3500000
RESP_IN_00652,"₹3,00,000 - ₹6,00,000",94,3,9,1,3,4,2,2,76.5,30.8,10,2,450000
RESP_IN_00653,"₹3,00,000 - ₹6,00,000",129,3,9,1,4,5,5,1,100.0,39.2,10,2,450000
RESP_IN_00654,"< ₹3,00,000",128,4,7,1,4,5,2,3,86.7,18.9,10,1,200000
RESP_IN_00655,"< ₹3,00,000",105,4,8,3,3,3,3,3,97.6,29.7,10,1,200000
RESP_IN_00656,"₹12,00,000 - ₹25,00,000",116,4,7,2,3,4,3,3,100.0,31.1,10,4,1850000
RESP_IN_00657,"₹6,00,000 - ₹12,00,000",98,3,5,1,3,5,2,2,85.0,26.6,10,3,900000
RESP_IN_00658,"₹3,00,000 - ₹6,00,000",72,1,6,1,3,4,1,1,87.1,27.8,9,2,450000
RESP_IN_00659,"₹3,00,000 - ₹6,00,000",83,2,4,2,4,5,2,3,96.9,20.7,10,2,450000
RESP_IN_00660,"< ₹3,00,000",106,5,6,1,2,5,3,3,100.0,22.1,10,1,200000
RESP_IN_00661,"₹6,00,000 - ₹12,00,000",51,1,7,1,2,3,2,4,86.7,14.5,8,3,900000
RESP_IN_00662,"₹6,00,000 - ₹12,00,000",105,3,7,3,1,4,1,3,91.2,25.5,10,3,900000
RESP_IN_00663,"₹6,00,000 - ₹12,00,000",100,4,7,1,5,5,1,3,88.2,23.5,10,3,900000
RESP_IN_00664,"₹6,00,000 - ₹12,00,000",96,2,7,2,4,5,5,4,86.4,31.2,9,3,900000
RESP_IN_00665,"> ₹25,00,000",87,2,3,2,5,3,2,5,98.1,15.5,8,5,3500000
RESP_IN_00666,"₹3,00,000 - ₹6,00,000",102,3,5,1,2,4,3,3,82.7,17.6,9,2,450000
RESP_IN_00667,"₹6,00,000 - ₹12,00,000",86,3,6,4,4,2,5,5,94.9,15.7,8,3,900000
RESP_IN_00668,"< ₹3,00,000",85,2,5,1,5,4,5,2,77.2,30.4,8,1,200000
RESP_IN_00669,"₹3,00,000 - ₹6,00,000",145,6,9,2,3,5,3,5,100.0,22.4,10,2,450000
RESP_IN_00670,"₹6,00,000 - ₹12,00,000",143,5,11,3,4,5,2,4,88.8,22.7,10,3,900000
RESP_IN_00671,"< ₹3,00,000",122,4,7,4,4,5,4,4,88.7,27.4,10,1,200000
RESP_IN_00672,"₹6,00,000 - ₹12,00,000",75,2,6,3,5,3,1,3,78.8,14.6,10,3,900000
RESP_IN_00673,"₹3,00,000 - ₹6,00,000",74,2,7,4,3,3,5,5,66.9,33.0,9,2,450000
RESP_IN_00674,"₹6,00,000 - ₹12,00,000",161,7,8,4,4,5,1,4,90.2,17.8,10,3,900000
RESP_IN_00675,"₹3,00,000 - ₹6,00,000",130,5,8,2,4,5,4,2,83.3,31.7,10,2,450000
RESP_IN_00676,"> ₹25,00,000",96,3,8,2,4,4,4,2,89.6,28.0,9,5,3500000
RESP_IN_00677,"> ₹25,00,000",105,4,7,5,4,4,4,3,100.0,27.9,10,5,3500000
RESP_IN_00678,"< ₹3,00,000",149,6,9,1,4,5,3,4,93.2,32.8,10,1,200000
RESP_IN_00679,"₹3,00,000 - ₹6,00,000",148,6,10,2,3,5,3,3,84.4,18.7,10,2,450000
RESP_IN_00680,"< ₹3,00,000",165,6,6,2,2,5,1,2,92.6,22.1,10,1,200000
RESP_IN_00681,"₹6,00,000 - ₹12,00,000",55,1,4,3,2,2,4,2,83.4,24.8,6,3,900000
RESP_IN_00682,"< ₹3,00,000",124,3,8,1,2,5,2,3,86.6,30.4,10,1,200000
RESP_IN_00683,"< ₹3,00,000",117,5,8,3,2,4,1,3,95.7,18.1,10,1,200000
RESP_IN_00684,"₹3,00,000 - ₹6,00,000",158,6,9,1,4,5,3,4,94.4,21.0,10,2,450000
RESP_IN_00685,"₹3,00,000 - ₹6,00,000",83,2,6,4,3,1,4,2,97.9,36.6,6,2,450000
RESP_IN_00686,"₹12,00,000 - ₹25,00,000",143,6,10,2,1,5,4,3,100.0,32.3,10,4,1850000
RESP_IN_00687,"₹6,00,000 - ₹12,00,000",111,4,7,1,2,5,4,3,89.9,19.2,10,3,900000
RESP_IN_00688,"₹3,00,000 - ₹6,00,000",103,3,6,1,3,3,2,2,78.8,28.9,10,2,450000
RESP_IN_00689,"₹3,00,000 - ₹6,00,000",80,2,4,2,3,2,2,4,57.6,17.7,7,2,450000
RESP_IN_00690,"₹12,00,000 - ₹25,00,000",100,3,6,5,4,3,2,1,74.9,30.2,10,4,1850000
RESP_IN_00691,"₹3,00,000 - ₹6,00,000",106,2,6,4,2,4,3,1,96.7,28.3,8,2,450000
RESP_IN_00692,"₹6,00,000 - ₹12,00,000",126,4,8,2,4,5,2,3,87.3,26.7,10,3,900000
RESP_IN_00693,"< ₹3,00,000",128,4,7,1,3,5,1,3,90.5,28.7,10,1,200000
RESP_IN_00694,"₹6,00,000 - ₹12,00,000",46,1,6,2,3,3,4,4,84.5,26.1,6,3,900000
RESP_IN_00695,"₹3,00,000 - ₹6,00,000",86,4,7,3,5,4,1,3,93.5,10.0,10,2,450000
RESP_IN_00696,"₹3,00,000 - ₹6,00,000",123,4,5,2,3,5,3,1,100.0,39.3,10,2,450000
RESP_IN_00697,"₹3,00,000 - ₹6,00,000",103,3,6,1,4,4,4,3,84.1,28.1,9,2,450000
RESP_IN_00698,"₹3,00,000 - ₹6,00,000",82,3,6,1,1,4,1,2,78.8,26.4,9,2,450000
RESP_IN_00699,"₹3,00,000 - ₹6,00,000",107,3,6,2,5,4,3,4,88.4,19.2,10,2,450000
RESP_IN_00700,"> ₹25,00,000",118,5,8,1,1,5,1,2,86.3,17.5,10,5,3500000
RESP_IN_00701,"< ₹3,00,000",79,2,7,1,5,5,2,3,69.3,20.3,8,1,200000
RESP_IN_00702,"₹3,00,000 - ₹6,00,000",157,6,11,2,3,5,1,4,97.2,21.0,10,2,450000
RESP_IN_00703,"< ₹3,00,000",114,4,10,1,3,5,3,4,99.6,24.4,10,1,200000
RESP_IN_00704,"< ₹3,00,000",126,4,6,1,4,5,3,3,74.2,26.6,10,1,200000
RESP_IN_00705,"₹6,00,000 - ₹12,00,000",133,5,7,4,4,4,1,3,84.0,23.3,10,3,900000
RESP_IN_00706,"₹3,00,000 - ₹6,00,000",116,4,6,4,4,4,2,2,100.0,19.6,10,2,450000
RESP_IN_00707,"₹3,00,000 - ₹6,00,000",100,4,9,3,1,4,2,2,100.0,34.2,10,2,450000
RESP_IN_00708,"₹3,00,000 - ₹6,00,000",127,4,6,4,5,5,3,3,86.3,32.8,10,2,450000
RESP_IN_00709,"₹6,00,000 - ₹12,00,000",124,4,6,4,2,4,1,3,94.4,17.2,10,3,900000
RESP_IN_00710,"₹6,00,000 - ₹12,00,000",93,3,6,3,4,4,1,1,81.9,25.7,10,3,900000
RESP_IN_00711,"₹6,00,000 - ₹12,00,000",112,5,9,3,4,5,2,2,100.0,22.3,10,3,900000
RESP_IN_00712,"₹12,00,000 - ₹25,00,000",76,1,5,3,5,3,3,2,87.3,24.2,9,4,1850000
RESP_IN_00713,"< ₹3,00,000",91,2,3,1,2,3,1,3,98.3,24.7,8,1,200000
RESP_IN_00714,"₹12,00,000 - ₹25,00,000",145,6,10,3,2,5,1,3,92.8,17.6,10,4,1850000
RESP_IN_00715,"₹12,00,000 - ₹25,00,000",115,4,5,3,3,5,4,3,67.0,24.8,10,4,1850000
RESP_IN_00716,"₹6,00,000 - ₹12,00,000",120,6,7,2,3,5,2,2,97.2,26.8,10,3,900000
RESP_IN_00717,"₹3,00,000 - ₹6,00,000",120,4,7,5,5,4,3,4,85.3,26.4,10,2,450000
RESP_IN_00718,"< ₹3,00,000",75,2,7,2,4,3,4,3,83.4,30.0,7,1,200000
RESP_IN_00719,"< ₹3,00,000",90,3,8,3,5,3,1,1,89.8,33.4,9,1,200000
RESP_IN_00720,"₹3,00,000 - ₹6,00,000",97,3,4,4,2,3,1,2,86.3,23.6,9,2,450000
RESP_IN_00721,"₹3,00,000 - ₹6,00,000",119,5,7,1,4,5,4,5,100.0,24.7,10,2,450000
RESP_IN_00722,"₹3,00,000 - ₹6,00,000",79,2,3,3,4,3,4,3,100.0,28.2,8,2,450000
RESP_IN_00723,"₹3,00,000 - ₹6,00,000",72,3,5,4,4,4,1,3,84.3,21.5,10,2,450000
RESP_IN_00724,"₹3,00,000 - ₹6,00,000",153,6,6,1,1,5,3,3,100.0,25.7,10,2,450000
RESP_IN_00725,"₹6,00,000 - ₹12,00,000",90,4,4,4,3,3,3,3,100.0,27.2,9,3,900000
RESP_IN_00726,"₹3,00,000 - ₹6,00,000",133,5,9,1,1,5,1,2,95.4,22.7,10,2,450000
RESP_IN_00727,"< ₹3,00,000",89,3,4,1,5,3,2,4,93.5,18.8,9,1,200000
RESP_IN_00728,"₹3,00,000 - ₹6,00,000",67,1,9,1,2,5,4,1,100.0,32.2,8,2,450000
RESP_IN_00729,"₹6,00,000 - ₹12,00,000",70,1,4,4,1,1,1,3,98.9,14.7,6,3,900000
RESP_IN_00730,"₹12,00,000 - ₹25,00,000",58,2,2,2,5,2,3,3,86.6,31.7,7,4,1850000
RESP_IN_00731,"₹3,00,000 - ₹6,00,000",107,3,3,1,5,5,4,3,91.6,37.6,9,2,450000
RESP_IN_00732,"< ₹3,00,000",111,3,7,3,5,4,4,2,80.8,35.5,10,1,200000
RESP_IN_00733,"₹6,00,000 - ₹12,00,000",125,5,9,1,3,5,2,3,91.0,19.8,10,3,900000
RESP_IN_00734,"₹3,00,000 - ₹6,00,000",138,4,5,3,1,4,2,2,98.2,22.0,10,2,450000
RESP_IN_00735,"₹12,00,000 - ₹25,00,000",125,5,8,1,1,5,2,2,100.0,30.2,10,4,1850000
RESP_IN_00736,"> ₹25,00,000",120,4,7,3,2,4,4,3,63.8,29.3,10,5,3500000
RESP_IN_00737,"> ₹25,00,000",133,4,8,5,2,4,4,2,82.7,32.6,10,5,3500000
RESP_IN_00738,"₹6,00,000 - ₹12,00,000",142,4,5,4,3,5,2,5,94.3,9.3,10,3,900000
RESP_IN_00739,"₹3,00,000 - ₹6,00,000",134,5,8,3,4,4,3,4,100.0,19.8,10,2,450000
RESP_IN_00740,"> ₹25,00,000",142,5,9,3,3,5,4,3,82.9,32.1,10,5,3500000
RESP_IN_00741,"₹6,00,000 - ₹12,00,000",91,4,7,2,4,4,4,3,88.5,26.9,10,3,900000
RESP_IN_00742,"< ₹3,00,000",106,4,7,5,5,4,3,4,97.5,24.6,10,1,200000
RESP_IN_00743,"₹3,00,000 - ₹6,00,000",122,4,9,4,3,5,2,5,84.7,13.7,10,2,450000
RESP_IN_00744,"₹3,00,000 - ₹6,00,000",106,3,7,2,3,3,1,4,78.5,11.8,10,2,450000
RESP_IN_00745,"₹3,00,000 - ₹6,00,000",96,4,6,3,1,4,3,3,80.8,17.1,9,2,450000
RESP_IN_00746,"₹12,00,000 - ₹25,00,000",104,3,7,1,2,4,3,3,100.0,29.9,10,4,1850000
RESP_IN_00747,"₹3,00,000 - ₹6,00,000",147,7,10,5,5,5,4,1,79.0,41.5,10,2,450000
RESP_IN_00748,"< ₹3,00,000",98,4,8,2,5,5,1,2,84.8,23.9,10,1,200000
RESP_IN_00749,"> ₹25,00,000",135,6,7,1,3,5,1,1,100.0,34.6,10,5,3500000
RESP_IN_00750,"₹6,00,000 - ₹12,00,000",106,4,5,3,3,5,3,3,100.0,26.1,10,3,900000
RESP_IN_00751,"< ₹3,00,000",102,3,4,3,2,3,3,4,92.9,19.6,9,1,200000
RESP_IN_00752,"₹6,00,000 - ₹12,00,000",94,2,5,3,4,5,3,2,85.4,29.3,9,3,900000
RESP_IN_00753,"₹12,00,000 - ₹25,00,000",101,4,6,2,4,4,1,2,78.5,26.3,10,4,1850000
RESP_IN_00754,"₹6,00,000 - ₹12,00,000",114,4,5,2,4,5,3,3,84.4,27.5,10,3,900000
RESP_IN_00755,"₹6,00,000 - ₹12,00,000",151,6,10,5,2,5,1,4,98.6,15.1,10,3,900000
RESP_IN_00756,"₹12,00,000 - ₹25,00,000",123,5,6,3,4,4,3,3,99.9,24.8,10,4,1850000
RESP_IN_00757,"₹3,00,000 - ₹6,00,000",134,4,8,4,3,5,3,4,88.8,16.9,10,2,450000
RESP_IN_00758,"< ₹3,00,000",102,3,5,2,3,3,4,3,95.0,27.9,8,1,200000
RESP_IN_00759,"₹3,00,000 - ₹6,00,000",137,5,9,1,4,5,2,4,81.5,23.2,10,2,450000
RESP_IN_00760,"₹3,00,000 - ₹6,00,000",81,2,7,3,4,4,4,5,91.7,16.8,10,2,450000
RESP_IN_00761,"₹6,00,000 - ₹12,00,000",125,3,6,3,4,2,4,3,72.8,24.0,9,3,900000
RESP_IN_00762,"₹6,00,000 - ₹12,00,000",135,5,6,2,3,5,1,3,88.0,22.5,10,3,900000
RESP_IN_00763,"₹12,00,000 - ₹25,00,000",120,4,5,1,4,4,2,3,92.6,22.8,10,4,1850000
RESP_IN_00764,"< ₹3,00,000",91,2,5,3,2,3,2,1,99.9,37.6,7,1,200000
RESP_IN_00765,"₹3,00,000 - ₹6,00,000",115,4,8,4,1,4,1,3,96.1,23.9,10,2,450000
RESP_IN_00766,"< ₹3,00,000",123,5,7,4,3,5,4,5,89.7,17.6,10,1,200000
RESP_IN_00767,"₹3,00,000 - ₹6,00,000",139,6,10,5,4,4,1,3,84.8,17.1,10,2,450000
RESP_IN_00768,"₹6,00,000 - ₹12,00,000",84,1,4,3,5,2,2,1,94.3,33.2,8,3,900000
RESP_IN_00769,"₹3,00,000 - ₹6,00,000",100,4,8,1,5,4,1,1,100.0,25.5,10,2,450000
RESP_IN_00770,"< ₹3,00,000",64,2,3,3,4,3,4,2,93.5,32.7,6,1,200000
RESP_IN_00771,"₹3,00,000 - ₹6,00,000",148,6,11,2,1,5,1,1,98.1,27.2,10,2,450000
RESP_IN_00772,"₹6,00,000 - ₹12,00,000",109,3,2,5,3,5,4,4,86.6,25.2,10,3,900000
RESP_IN_00773,"< ₹3,00,000",119,4,9,5,5,4,5,1,82.4,42.5,10,1,200000
RESP_IN_00774,"₹3,00,000 - ₹6,00,000",138,6,9,2,3,5,2,5,84.1,20.4,10,2,450000
RESP_IN_00775,"₹3,00,000 - ₹6,00,000",100,4,8,1,3,4,3,2,96.1,34.6,10,2,450000
RESP_IN_00776,"₹12,00,000 - ₹25,00,000",141,4,5,1,2,5,5,3,97.2,32.2,10,4,1850000
RESP_IN_00777,"₹12,00,000 - ₹25,00,000",135,6,9,3,2,5,3,5,80.0,20.2,10,4,1850000
RESP_IN_00778,"₹3,00,000 - ₹6,00,000",123,4,10,2,2,5,3,3,79.4,22.5,10,2,450000
RESP_IN_00779,"> ₹25,00,000",103,5,8,2,2,5,3,3,88.8,32.6,10,5,3500000
RESP_IN_00780,"₹3,00,000 - ₹6,00,000",154,6,8,1,2,5,3,4,100.0,21.4,10,2,450000
RESP_IN_00781,"> ₹25,00,000",82,2,6,1,3,4,2,5,72.6,8.0,10,5,3500000
RESP_IN_00782,"₹3,00,000 - ₹6,00,000",75,2,6,4,1,2,1,1,88.3,26.0,8,2,450000
RESP_IN_00783,"₹3,00,000 - ₹6,00,000",141,5,9,2,4,5,2,3,100.0,25.4,10,2,450000
RESP_IN_00784,"₹3,00,000 - ₹6,00,000",117,3,6,4,1,4,1,2,77.4,28.6,10,2,450000
RESP_IN_00785,"₹3,00,000 - ₹6,00,000",123,5,5,5,3,3,5,2,78.4,29.8,10,2,450000
RESP_IN_00786,"₹3,00,000 - ₹6,00,000",144,5,8,3,4,5,2,1,99.8,29.8,10,2,450000
RESP_IN_00787,"₹6,00,000 - ₹12,00,000",73,1,4,1,3,3,5,2,60.5,35.1,4,3,900000
RESP_IN_00788,"₹3,00,000 - ₹6,00,000",135,5,9,4,3,5,3,3,92.2,23.1,10,2,450000
RESP_IN_00789,"₹3,00,000 - ₹6,00,000",101,4,9,2,5,4,1,3,95.5,21.0,10,2,450000
RESP_IN_00790,"< ₹3,00,000",88,3,8,2,2,4,2,1,78.7,27.2,10,1,200000
RESP_IN_00791,"₹3,00,000 - ₹6,00,000",72,1,4,4,4,2,2,2,69.4,29.5,7,2,450000
RESP_IN_00792,"< ₹3,00,000",62,1,4,3,4,1,3,3,72.3,30.1,7,1,200000
RESP_IN_00793,"< ₹3,00,000",82,3,7,2,4,2,2,5,94.4,7.2,10,1,200000
RESP_IN_00794,"₹3,00,000 - ₹6,00,000",125,4,7,2,3,5,4,3,100.0,23.6,10,2,450000
RESP_IN_00795,"< ₹3,00,000",109,3,5,1,2,4,4,3,100.0,23.0,8,1,200000
RESP_IN_00796,"₹3,00,000 - ₹6,00,000",100,2,3,2,3,5,3,3,84.1,26.3,10,2,450000
RESP_IN_00797,"₹6,00,000 - ₹12,00,000",163,7,9,2,2,5,1,3,89.5,16.9,10,3,900000
RESP_IN_00798,"< ₹3,00,000",110,3,5,5,3,4,1,4,77.8,13.0,10,1,200000
RESP_IN_00799,"< ₹3,00,000",91,3,4,3,4,3,4,2,88.0,38.4,10,1,200000
RESP_IN_00800,"₹12,00,000 - ₹25,00,000",127,4,7,1,2,4,3,3,100.0,28.3,10,4,1850000
RESP_IN_00801,"₹6,00,000 - ₹12,00,000",92,4,4,2,3,5,2,3,84.8,27.5,10,3,900000
RESP_IN_00802,"₹12,00,000 - ₹25,00,000",97,3,6,3,1,4,3,3,85.7,25.8,9,4,1850000
RESP_IN_00803,"₹3,00,000 - ₹6,00,000",96,2,2,2,4,4,1,3,78.4,24.4,9,2,450000
RESP_IN_00804,"< ₹3,00,000",118,4,7,1,4,5,1,1,100.0,28.1,10,1,200000
RESP_IN_00805,"₹3,00,000 - ₹6,00,000",151,6,10,2,2,5,2,3,88.1,18.6,10,2,450000
RESP_IN_00806,"₹12,00,000 - ₹25,00,000",105,2,5,4,1,3,4,3,80.5,28.6,7,4,1850000
RESP_IN_00807,"₹3,00,000 - ₹6,00,000",115,4,6,2,4,4,5,5,98.6,22.8,10,2,450000
RESP_IN_00808,"₹6,00,000 - ₹12,00,000",92,2,6,5,2,3,4,2,77.8,23.2,8,3,900000
RESP_IN_00809,"₹3,00,000 - ₹6,00,000",101,3,3,5,4,3,2,4,85.9,19.9,10,2,450000
RESP_IN_00810,"> ₹25,00,000",94,2,4,1,4,4,1,4,71.9,17.3,9,5,3500000
RESP_IN_00811,"₹12,00,000 - ₹25,00,000",69,1,3,3,4,2,2,3,75.4,24.1,7,4,1850000
RESP_IN_00812,"₹3,00,000 - ₹6,00,000",76,2,6,1,4,4,4,2,94.4,41.2,8,2,450000
RESP_IN_00813,"₹6,00,000 - ₹12,00,000",94,3,5,3,1,4,3,2,77.2,31.1,9,3,900000
RESP_IN_00814,"< ₹3,00,000",101,3,6,5,4,2,2,2,85.5,23.0,10,1,200000
RESP_IN_00815,"< ₹3,00,000",110,4,10,3,3,5,4,3,95.4,29.9,10,1,200000
RESP_IN_00816,"₹12,00,000 - ₹25,00,000",134,6,9,2,2,5,1,4,100.0,11.5,10,4,1850000
RESP_IN_00817,"₹12,00,000 - ₹25,00,000",144,5,5,2,4,5,2,4,91.7,22.1,10,4,1850000
RESP_IN_00818,"₹12,00,000 - ₹25,00,000",89,2,4,2,2,3,4,3,87.9,31.4,7,4,1850000
RESP_IN_00819,"> ₹25,00,000",101,4,8,2,2,4,2,5,92.3,20.0,10,5,3500000
RESP_IN_00820,"< ₹3,00,000",111,4,7,2,4,5,4,3,83.6,35.0,10,1,200000
RESP_IN_00821,"₹6,00,000 - ₹12,00,000",99,3,7,3,4,4,4,1,95.3,36.6,9,3,900000
RESP_IN_00822,"₹6,00,000 - ₹12,00,000",88,3,4,3,4,4,2,3,81.7,18.8,9,3,900000
RESP_IN_00823,"₹6,00,000 - ₹12,00,000",114,4,6,1,3,5,1,1,95.6,27.1,10,3,900000
RESP_IN_00824,"< ₹3,00,000",90,2,5,2,4,2,2,3,86.9,23.9,9,1,200000
RESP_IN_00825,"₹12,00,000 - ₹25,00,000",136,3,7,2,5,4,3,3,91.0,25.4,10,4,1850000
RESP_IN_00826,"₹3,00,000 - ₹6,00,000",161,6,8,5,4,5,2,5,87.5,18.7,10,2,450000
RESP_IN_00827,"< ₹3,00,000",110,4,5,1,3,5,3,1,100.0,32.2,9,1,200000
RESP_IN_00828,"> ₹25,00,000",97,3,5,2,3,5,2,3,90.4,17.3,10,5,3500000
RESP_IN_00829,"> ₹25,00,000",128,5,9,1,3,5,4,1,69.5,36.1,10,5,3500000
RESP_IN_00830,"> ₹25,00,000",114,5,9,2,4,4,4,3,91.1,36.3,10,5,3500000
RESP_IN_00831,"₹12,00,000 - ₹25,00,000",117,4,8,2,3,5,3,3,95.2,25.5,10,4,1850000
RESP_IN_00832,"₹6,00,000 - ₹12,00,000",136,6,10,2,2,5,2,1,81.4,25.5,10,3,900000
RESP_IN_00833,"₹3,00,000 - ₹6,00,000",158,7,14,4,5,5,3,1,100.0,33.3,10,2,450000
RESP_IN_00834,"₹6,00,000 - ₹12,00,000",89,2,8,2,1,4,2,2,100.0,21.6,9,3,900000
RESP_IN_00835,"₹6,00,000 - ₹12,00,000",126,4,4,2,2,5,4,4,100.0,26.6,10,3,900000
RESP_IN_00836,"₹6,00,000 - ₹12,00,000",118,5,9,2,4,5,4,2,100.0,29.6,10,3,900000
RESP_IN_00837,"₹6,00,000 - ₹12,00,000",151,5,8,4,5,4,2,1,70.7,26.1,10,3,900000
RESP_IN_00838,"₹6,00,000 - ₹12,00,000",105,2,7,1,5,4,1,2,93.8,23.9,10,3,900000
RESP_IN_00839,"₹6,00,000 - ₹12,00,000",69,2,5,1,4,4,5,1,73.3,37.5,6,3,900000
RESP_IN_00840,"₹6,00,000 - ₹12,00,000",126,5,9,1,2,5,2,2,94.1,22.4,10,3,900000
RESP_IN_00841,"₹12,00,000 - ₹25,00,000",97,3,3,2,5,4,2,1,66.0,31.5,10,4,1850000
RESP_IN_00842,"₹3,00,000 - ₹6,00,000",83,3,6,1,2,4,3,2,92.2,25.3,8,2,450000
RESP_IN_00843,"₹6,00,000 - ₹12,00,000",119,5,8,2,4,5,1,2,85.0,30.9,10,3,900000
RESP_IN_00844,"₹3,00,000 - ₹6,00,000",155,6,12,1,2,5,1,3,100.0,21.9,10,2,450000
RESP_IN_00845,"< ₹3,00,000",129,4,7,4,1,3,1,2,75.9,25.3,10,1,200000
RESP_IN_00846,"₹3,00,000 - ₹6,00,000",100,3,6,3,4,4,2,2,100.0,27.5,10,2,450000
RESP_IN_00847,"< ₹3,00,000",99,3,6,3,4,3,2,2,83.8,20.6,9,1,200000
RESP_IN_00848,"< ₹3,00,000",129,6,9,5,4,4,2,2,100.0,28.4,10,1,200000
RESP_IN_00849,"₹6,00,000 - ₹12,00,000",127,5,7,1,1,5,1,1,82.0,26.3,10,3,900000
RESP_IN_00850,"₹6,00,000 - ₹12,00,000",122,4,7,3,4,3,1,4,95.9,23.5,10,3,900000
RESP_IN_00851,"₹3,00,000 - ₹6,00,000",97,4,6,1,1,5,2,2,84.3,24.3,10,2,450000
RESP_IN_00852,"₹3,00,000 - ₹6,00,000",106,3,7,2,4,5,2,3,87.5,25.4,10,2,450000
RESP_IN_00853,"₹6,00,000 - ₹12,00,000",110,2,7,2,1,5,2,3,85.2,27.1,10,3,900000
RESP_IN_00854,"₹3,00,000 - ₹6,00,000",103,3,5,3,1,4,2,2,100.0,22.4,10,2,450000
RESP_IN_00855,"₹3,00,000 - ₹6,00,000",99,3,4,5,3,2,5,3,86.5,31.6,7,2,450000
RESP_IN_00856,"₹3,00,000 - ₹6,00,000",120,4,7,2,2,5,1,3,100.0,20.6,10,2,450000
RESP_IN_00857,"< ₹3,00,000",85,2,6,3,2,3,1,3,91.3,22.9,9,1,200000
RESP_IN_00858,"₹6,00,000 - ₹12,00,000",83,3,3,2,5,4,4,3,93.7,26.8,9,3,900000
RESP_IN_00859,"₹3,00,000 - ₹6,00,000",108,4,7,1,5,5,5,4,75.4,28.1,10,2,450000
RESP_IN_00860,"< ₹3,00,000",116,4,5,2,5,4,2,3,91.7,26.0,10,1,200000
RESP_IN_00861,"₹3,00,000 - ₹6,00,000",93,3,5,4,3,3,5,3,83.9,28.1,9,2,450000
RESP_IN_00862,"₹6,00,000 - ₹12,00,000",99,2,6,1,1,4,3,2,92.8,38.1,8,3,900000
RESP_IN_00863,"₹3,00,000 - ₹6,00,000",155,6,11,2,1,5,2,2,100.0,31.0,10,2,450000
RESP_IN_00864,"₹12,00,000 - ₹25,00,000",105,4,4,4,3,4,4,4,87.2,26.0,10,4,1850000
RESP_IN_00865,"₹6,00,000 - ₹12,00,000",144,6,9,2,3,5,3,1,100.0,29.5,10,3,900000
RESP_IN_00866,"₹3,00,000 - ₹6,00,000",117,3,7,2,5,4,4,2,100.0,29.0,10,2,450000
RESP_IN_00867,"₹6,00,000 - ₹12,00,000",109,4,6,3,4,4,2,4,86.7,15.8,10,3,900000
RESP_IN_00868,"₹3,00,000 - ₹6,00,000",99,2,5,4,2,2,3,1,73.9,32.9,7,2,450000
RESP_IN_00869,"₹6,00,000 - ₹12,00,000",115,5,7,2,3,5,4,5,80.5,27.6,10,3,900000
RESP_IN_00870,"₹6,00,000 - ₹12,00,000",115,3,6,2,4,4,4,4,100.0,21.7,10,3,900000
RESP_IN_00871,"< ₹3,00,000",109,3,8,1,2,5,3,2,93.3,28.7,10,1,200000
RESP_IN_00872,"₹3,00,000 - ₹6,00,000",134,6,8,1,4,5,1,1,76.9,22.7,10,2,450000
RESP_IN_00873,"₹12,00,000 - ₹25,00,000",82,2,5,5,1,2,4,4,72.2,22.5,7,4,1850000
RESP_IN_00874,"₹6,00,000 - ₹12,00,000",142,5,9,1,3,5,3,2,100.0,29.2,10,3,900000
RESP_IN_00875,"< ₹3,00,000",87,2,4,3,5,2,2,3,89.4,21.5,8,1,200000
RESP_IN_00876,"₹6,00,000 - ₹12,00,000",114,4,7,3,2,4,3,2,94.9,30.7,10,3,900000
RESP_IN_00877,"₹3,00,000 - ₹6,00,000",95,3,8,1,4,5,5,1,100.0,37.2,8,2,450000
RESP_IN_00878,"< ₹3,00,000",138,5,8,4,4,5,4,2,89.4,35.1,10,1,200000
RESP_IN_00879,"₹3,00,000 - ₹6,00,000",79,2,3,1,3,3,3,3,75.7,25.0,6,2,450000
RESP_IN_00880,"₹12,00,000 - ₹25,00,000",83,2,4,4,2,2,1,3,95.4,16.7,7,4,1850000
RESP_IN_00881,"₹6,00,000 - ₹12,00,000",144,6,12,4,5,4,3,2,90.6,32.4,10,3,900000
RESP_IN_00882,"₹3,00,000 - ₹6,00,000",116,4,9,3,2,5,4,4,95.4,24.6,10,2,450000
RESP_IN_00883,"₹3,00,000 - ₹6,00,000",117,4,9,3,5,4,3,2,82.5,34.3,10,2,450000
RESP_IN_00884,"< ₹3,00,000",142,7,12,2,4,5,3,3,99.4,28.5,10,1,200000
RESP_IN_00885,"₹6,00,000 - ₹12,00,000",110,4,7,3,3,5,3,2,95.9,29.6,10,3,900000
RESP_IN_00886,"₹3,00,000 - ₹6,00,000",81,2,9,3,5,4,3,1,88.0,32.9,9,2,450000
RESP_IN_00887,"₹3,00,000 - ₹6,00,000",135,5,11,1,4,5,4,4,99.6,32.4,10,2,450000
RESP_IN_00888,"₹3,00,000 - ₹6,00,000",169,6,12,5,5,5,3,1,100.0,32.9,10,2,450000
RESP_IN_00889,"₹3,00,000 - ₹6,00,000",90,3,6,2,3,4,3,2,82.8,28.2,9,2,450000
RESP_IN_00890,"> ₹25,00,000",77,2,4,3,4,2,4,1,99.5,42.3,5,5,3500000
RESP_IN_00891,"₹6,00,000 - ₹12,00,000",104,3,5,2,2,3,3,4,77.5,31.6,10,3,900000
RESP_IN_00892,"₹3,00,000 - ₹6,00,000",124,4,6,2,1,5,5,1,91.2,34.4,9,2,450000
RESP_IN_00893,"₹6,00,000 - ₹12,00,000",125,4,9,1,5,5,4,5,95.3,23.5,10,3,900000
RESP_IN_00894,"₹3,00,000 - ₹6,00,000",72,2,4,1,4,4,4,4,90.5,30.8,7,2,450000
RESP_IN_00895,"> ₹25,00,000",97,2,6,3,4,4,4,4,82.3,24.0,10,5,3500000
RESP_IN_00896,"₹3,00,000 - ₹6,00,000",118,5,12,1,4,5,4,2,83.4,30.3,10,2,450000
RESP_IN_00897,"₹6,00,000 - ₹12,00,000",108,3,6,2,3,4,3,3,76.6,29.7,10,3,900000
RESP_IN_00898,"₹12,00,000 - ₹25,00,000",110,3,5,4,1,3,1,2,100.0,27.6,9,4,1850000
RESP_IN_00899,"₹3,00,000 - ₹6,00,000",112,3,7,4,5,4,2,3,78.9,25.2,10,2,450000
RESP_IN_00900,"₹6,00,000 - ₹12,00,000",144,5,8,2,5,5,2,5,97.3,16.1,10,3,900000
RESP_IN_00901,"₹3,00,000 - ₹6,00,000",112,3,7,2,4,5,3,1,85.5,27.6,10,2,450000
RESP_IN_00902,"< ₹3,00,000",128,4,8,2,4,5,4,2,100.0,39.4,10,1,200000
RESP_IN_00903,"< ₹3,00,000",128,4,6,3,2,4,1,3,74.5,16.1,10,1,200000
RESP_IN_00904,"₹3,00,000 - ₹6,00,000",126,5,11,1,1,5,4,2,100.0,31.7,10,2,450000
RESP_IN_00905,"₹6,00,000 - ₹12,00,000",94,2,6,2,4,3,1,3,88.0,16.2,10,3,900000
RESP_IN_00906,"₹6,00,000 - ₹12,00,000",110,5,10,2,5,5,3,3,89.7,31.4,10,3,900000
RESP_IN_00907,"> ₹25,00,000",93,3,4,3,3,3,4,4,97.3,26.3,9,5,3500000
RESP_IN_00908,"₹12,00,000 - ₹25,00,000",148,6,9,2,3,5,2,4,93.0,12.2,10,4,1850000
RESP_IN_00909,"₹6,00,000 - ₹12,00,000",75,2,5,1,1,3,4,4,74.0,20.8,8,3,900000
RESP_IN_00910,"₹6,00,000 - ₹12,00,000",162,6,8,3,5,5,4,3,100.0,25.0,10,3,900000
RESP_IN_00911,"₹6,00,000 - ₹12,00,000",95,2,4,3,2,5,3,3,75.6,27.3,8,3,900000
RESP_IN_00912,"₹6,00,000 - ₹12,00,000",98,4,7,2,4,5,2,2,86.2,28.6,10,3,900000
RESP_IN_00913,"₹6,00,000 - ₹12,00,000",121,5,9,3,4,5,3,3,97.8,24.1,10,3,900000
RESP_IN_00914,"₹6,00,000 - ₹12,00,000",128,4,4,1,2,5,4,2,98.1,28.4,10,3,900000
RESP_IN_00915,"₹6,00,000 - ₹12,00,000",168,7,10,2,3,5,4,4,100.0,30.4,10,3,900000
RESP_IN_00916,"< ₹3,00,000",127,5,7,4,1,4,5,1,93.8,42.3,10,1,200000
RESP_IN_00917,"₹12,00,000 - ₹25,00,000",91,3,7,2,3,4,2,3,100.0,20.1,10,4,1850000
RESP_IN_00918,"₹3,00,000 - ₹6,00,000",166,6,7,3,4,5,1,2,97.3,29.2,10,2,450000
RESP_IN_00919,"< ₹3,00,000",113,4,6,1,4,5,1,3,83.0,19.0,10,1,200000
RESP_IN_00920,"> ₹25,00,000",150,7,8,4,4,5,2,3,100.0,23.0,10,5,3500000
RESP_IN_00921,"< ₹3,00,000",138,6,7,1,3,5,2,3,92.3,22.5,10,1,200000
RESP_IN_00922,"₹3,00,000 - ₹6,00,000",117,4,8,1,2,5,1,3,66.6,24.6,10,2,450000
RESP_IN_00923,"₹6,00,000 - ₹12,00,000",97,2,7,4,5,4,4,4,74.1,20.9,9,3,900000
RESP_IN_00924,"₹12,00,000 - ₹25,00,000",109,3,7,1,3,4,4,2,100.0,37.5,9,4,1850000
RESP_IN_00925,"₹3,00,000 - ₹6,00,000",130,4,9,3,4,5,3,3,95.4,24.8,10,2,450000
RESP_IN_00926,"> ₹25,00,000",126,4,7,2,3,5,2,4,57.7,21.6,10,5,3500000
RESP_IN_00927,"₹3,00,000 - ₹6,00,000",77,3,5,1,3,5,3,4,72.1,20.5,10,2,450000
RESP_IN_00928,"₹3,00,000 - ₹6,00,000",103,4,6,2,4,4,1,3,92.7,18.0,10,2,450000
RESP_IN_00929,"₹3,00,000 - ₹6,00,000",120,5,8,3,4,5,2,3,87.9,28.3,10,2,450000
RESP_IN_00930,"< ₹3,00,000",161,7,8,5,4,5,3,3,100.0,29.6,10,1,200000
RESP_IN_00931,"₹3,00,000 - ₹6,00,000",76,2,8,1,2,3,3,3,90.1,28.1,8,2,450000
RESP_IN_00932,"₹6,00,000 - ₹12,00,000",135,5,9,2,2,5,4,4,92.8,26.6,10,3,900000
RESP_IN_00933,"₹12,00,000 - ₹25,00,000",123,6,10,1,3,5,2,4,93.9,23.0,10,4,1850000
RESP_IN_00934,"₹3,00,000 - ₹6,00,000",164,7,9,2,2,5,2,3,100.0,23.6,10,2,450000
RESP_IN_00935,"₹3,00,000 - ₹6,00,000",148,6,5,4,1,5,2,3,82.3,26.2,10,2,450000
RESP_IN_00936,"₹6,00,000 - ₹12,00,000",121,4,8,2,5,5,1,3,94.3,15.3,10,3,900000
RESP_IN_00937,"₹12,00,000 - ₹25,00,000",89,3,5,2,3,2,1,3,100.0,20.5,9,4,1850000
RESP_IN_00938,"₹3,00,000 - ₹6,00,000",121,6,7,2,1,5,1,3,99.5,20.2,10,2,450000
RESP_IN_00939,"₹3,00,000 - ₹6,00,000",93,3,8,5,3,4,1,1,100.0,32.6,10,2,450000
RESP_IN_00940,"> ₹25,00,000",118,4,7,5,3,4,3,5,93.2,20.4,10,5,3500000
RESP_IN_00941,"₹6,00,000 - ₹12,00,000",79,3,7,3,5,4,4,2,89.7,31.2,10,3,900000
RESP_IN_00942,"₹6,00,000 - ₹12,00,000",122,4,9,2,3,5,4,2,89.5,33.0,10,3,900000
RESP_IN_00943,"₹3,00,000 - ₹6,00,000",107,3,6,2,3,4,1,5,82.0,15.7,10,2,450000
RESP_IN_00944,"₹6,00,000 - ₹12,00,000",84,2,3,4,5,1,1,2,97.1,24.6,9,3,900000
RESP_IN_00945,"₹3,00,000 - ₹6,00,000",138,6,11,2,4,5,2,1,100.0,21.7,10,2,450000
RESP_IN_00946,"₹3,00,000 - ₹6,00,000",95,3,4,1,2,3,4,2,80.7,40.2,7,2,450000
RESP_IN_00947,"< ₹3,00,000",115,3,4,2,5,4,2,3,96.8,26.1,10,1,200000
RESP_IN_00948,"₹3,00,000 - ₹6,00,000",79,2,3,2,3,3,3,3,95.2,28.1,7,2,450000
RESP_IN_00949,"₹3,00,000 - ₹6,00,000",92,3,6,5,3,2,2,1,83.1,37.0,9,2,450000
RESP_IN_00950,"> ₹25,00,000",110,3,5,3,1,4,1,3,89.3,19.3,10,5,3500000
RESP_IN_00951,"< ₹3,00,000",105,3,9,1,3,5,4,1,72.1,33.0,10,1,200000
RESP_IN_00952,"₹3,00,000 - ₹6,00,000",111,4,8,1,1,5,3,2,100.0,36.7,10,2,450000
RESP_IN_00953,"₹6,00,000 - ₹12,00,000",139,5,10,1,4,5,5,2,87.5,35.1,10,3,900000
RESP_IN_00954,"< ₹3,00,000",154,5,5,4,3,5,3,3,87.2,25.6,10,1,200000
RESP_IN_00955,"₹3,00,000 - ₹6,00,000",125,5,6,2,2,5,1,1,100.0,24.9,10,2,450000
RESP_IN_00956,"> ₹25,00,000",111,4,8,1,2,5,5,3,76.1,31.0,10,5,3500000
RESP_IN_00957,"₹12,00,000 - ₹25,00,000",72,2,4,3,3,3,3,3,100.0,23.9,8,4,1850000
RESP_IN_00958,"< ₹3,00,000",94,3,6,5,5,3,2,1,92.8,31.5,10,1,200000
RESP_IN_00959,"₹6,00,000 - ₹12,00,000",125,4,4,1,4,5,1,3,88.4,22.4,10,3,900000
RESP_IN_00960,"₹3,00,000 - ₹6,00,000",109,5,10,2,1,4,1,1,100.0,24.0,10,2,450000
RESP_IN_00961,"₹6,00,000 - ₹12,00,000",84,2,7,2,5,2,2,5,81.3,12.0,10,3,900000
RESP_IN_00962,"₹6,00,000 - ₹12,00,000",138,5,9,2,3,5,2,3,83.6,22.3,10,3,900000
RESP_IN_00963,"₹3,00,000 - ₹6,00,000",80,2,6,3,1,3,3,3,84.8,33.8,8,2,450000
RESP_IN_00964,"₹3,00,000 - ₹6,00,000",85,3,8,2,2,3,4,4,69.7,21.8,9,2,450000
RESP_IN_00965,"₹6,00,000 - ₹12,00,000",131,5,6,1,4,5,2,3,83.0,21.9,10,3,900000
RESP_IN_00966,"₹6,00,000 - ₹12,00,000",107,3,7,3,4,4,1,2,100.0,24.9,10,3,900000
RESP_IN_00967,"₹3,00,000 - ₹6,00,000",86,4,7,2,4,5,2,1,82.3,34.4,10,2,450000
RESP_IN_00968,"₹3,00,000 - ₹6,00,000",146,6,8,3,1,5,1,4,100.0,12.3,10,2,450000
RESP_IN_00969,"₹3,00,000 - ₹6,00,000",85,2,6,2,4,2,1,3,81.5,27.3,9,2,450000
RESP_IN_00970,"> ₹25,00,000",110,3,6,3,5,4,3,4,100.0,26.8,10,5,3500000
RESP_IN_00971,"₹6,00,000 - ₹12,00,000",157,7,11,3,3,5,1,2,93.5,27.2,10,3,900000
RESP_IN_00972,"₹3,00,000 - ₹6,00,000",107,4,6,4,2,3,4,3,100.0,27.4,9,2,450000
RESP_IN_00973,"₹3,00,000 - ₹6,00,000",99,3,6,4,4,3,3,2,91.3,32.5,10,2,450000
RESP_IN_00974,"₹3,00,000 - ₹6,00,000",128,5,7,4,1,5,3,5,100.0,21.1,10,2,450000
RESP_IN_00975,"< ₹3,00,000",134,6,6,2,5,5,5,1,100.0,45.2,10,1,200000
RESP_IN_00976,"₹3,00,000 - ₹6,00,000",120,4,6,1,1,5,3,1,100.0,39.6,10,2,450000
RESP_IN_00977,"> ₹25,00,000",79,1,3,3,2,4,1,4,82.4,12.5,8,5,3500000
RESP_IN_00978,"₹6,00,000 - ₹12,00,000",95,4,4,4,1,5,5,3,77.3,37.8,9,3,900000
RESP_IN_00979,"₹6,00,000 - ₹12,00,000",128,4,6,4,2,4,4,3,100.0,22.6,10,3,900000
RESP_IN_00980,"₹12,00,000 - ₹25,00,000",96,2,5,4,2,3,1,3,88.9,31.3,9,4,1850000
RESP_IN_00981,"₹3,00,000 - ₹6,00,000",97,3,7,4,5,4,4,3,97.4,28.9,9,2,450000
RESP_IN_00982,"₹6,00,000 - ₹12,00,000",169,7,9,5,5,5,1,4,87.2,21.3,10,3,900000
RESP_IN_00983,"₹3,00,000 - ₹6,00,000",103,3,6,3,4,3,3,1,93.9,37.7,9,2,450000
RESP_IN_00984,"₹12,00,000 - ₹25,00,000",154,7,10,2,4,5,2,4,100.0,28.1,10,4,1850000
RESP_IN_00985,"₹12,00,000 - ₹25,00,000",113,3,6,2,3,4,4,3,89.9,33.5,10,4,1850000
RESP_IN_00986,"₹12,00,000 - ₹25,00,000",80,2,7,1,3,2,2,4,92.2,23.7,7,4,1850000
RESP_IN_00987,"₹12,00,000 - ₹25,00,000",98,3,7,5,5,3,5,4,79.0,33.2,10,4,1850000
RESP_IN_00988,"< ₹3,00,000",125,6,7,2,5,5,3,3,87.6,26.5,10,1,200000
RESP_IN_00989,"₹3,00,000 - ₹6,00,000",91,3,5,5,2,3,1,2,100.0,21.8,9,2,450000
RESP_IN_00990,"₹12,00,000 - ₹25,00,000",80,3,5,1,3,4,1,5,90.7,11.2,10,4,1850000
RESP_IN_00991,"₹6,00,000 - ₹12,00,000",116,4,8,2,3,5,2,2,89.3,26.9,10,3,900000
RESP_IN_00992,"₹3,00,000 - ₹6,00,000",133,5,8,4,3,5,2,3,93.4,23.4,10,2,450000
RESP_IN_00993,"< ₹3,00,000",111,4,6,2,5,5,4,3,83.5,28.1,10,1,200000
RESP_IN_00994,"< ₹3,00,000",128,4,6,3,4,5,4,3,81.0,32.5,10,1,200000
RESP_IN_00995,"< ₹3,00,000",157,7,11,1,2,5,3,2,89.4,37.4,10,1,200000
RESP_IN_00996,"₹6,00,000 - ₹12,00,000",115,3,8,2,2,5,3,5,92.4,18.1,10,3,900000
RESP_IN_00997,"> ₹25,00,000",146,4,7,2,4,5,5,4,85.9,25.0,10,5,3500000
RESP_IN_00998,"< ₹3,00,000",107,3,7,4,5,4,2,4,92.6,20.4,10,1,200000
RESP_IN_00999,"₹6,00,000 - ₹12,00,000",133,6,10,2,4,5,4,4,93.9,26.5,10,3,900000
RESP_IN_01000,"> ₹25,00,000",140,4,7,3,2,5,2,4,83.0,20.7,10,5,3500000
RESP_IN_01001,"₹6,00,000 - ₹12,00,000",97,3,7,1,2,5,3,2,98.4,30.1,9,3,900000
RESP_IN_01002,"₹12,00,000 - ₹25,00,000",85,3,7,1,4,3,1,1,84.3,31.4,9,4,1850000
RESP_IN_01003,"₹12,00,000 - ₹25,00,000",128,4,6,2,1,5,2,2,100.0,22.6,10,4,1850000
RESP_IN_01004,"> ₹25,00,000",100,4,11,3,1,5,1,3,86.8,19.9,10,5,3500000
RESP_IN_01005,"₹12,00,000 - ₹25,00,000",95,3,7,2,3,3,2,3,82.6,26.2,10,4,1850000
RESP_IN_01006,"< ₹3,00,000",98,3,6,1,4,4,4,3,81.8,31.9,9,1,200000
RESP_IN_01007,"₹6,00,000 - ₹12,00,000",87,3,5,1,1,4,3,3,90.4,29.9,9,3,900000
RESP_IN_01008,"₹6,00,000 - ₹12,00,000",82,1,1,1,4,3,2,2,82.1,32.4,6,3,900000
RESP_IN_01009,"₹12,00,000 - ₹25,00,000",93,3,5,2,4,4,1,1,100.0,29.9,10,4,1850000
RESP_IN_01010,"₹6,00,000 - ₹12,00,000",139,5,9,2,5,5,2,5,100.0,20.3,10,3,900000
RESP_IN_01011,"₹3,00,000 - ₹6,00,000",94,3,6,1,4,5,2,4,84.5,21.6,10,2,450000
RESP_IN_01012,"₹6,00,000 - ₹12,00,000",125,4,6,3,1,4,4,3,82.6,36.5,9,3,900000
RESP_IN_01013,"< ₹3,00,000",113,4,6,2,3,5,4,2,93.8,32.5,10,1,200000
RESP_IN_01014,"₹6,00,000 - ₹12,00,000",96,3,8,1,2,4,2,3,97.3,24.1,10,3,900000
RESP_IN_01015,"₹3,00,000 - ₹6,00,000",101,3,6,2,4,5,2,1,100.0,26.7,10,2,450000
RESP_IN_01016,"< ₹3,00,000",116,3,7,1,1,5,3,3,91.2,21.7,10,1,200000
RESP_IN_01017,"₹3,00,000 - ₹6,00,000",132,5,7,2,3,5,5,2,89.0,30.9,10,2,450000
RESP_IN_01018,"₹3,00,000 - ₹6,00,000",115,4,8,4,2,4,4,4,100.0,31.2,10,2,450000
RESP_IN_01019,"₹6,00,000 - ₹12,00,000",74,2,4,4,4,2,2,4,91.6,21.0,8,3,900000
RESP_IN_01020,"₹6,00,000 - ₹12,00,000",90,3,5,4,3,2,2,3,96.3,16.2,9,3,900000
RESP_IN_01021,"₹12,00,000 - ₹25,00,000",146,7,8,2,2,5,3,3,100.0,30.5,10,4,1850000
RESP_IN_01022,"₹12,00,000 - ₹25,00,000",106,4,8,3,3,4,2,4,91.3,15.8,10,4,1850000
RESP_IN_01023,"₹6,00,000 - ₹12,00,000",134,4,8,3,5,5,2,3,83.9,29.5,10,3,900000
RESP_IN_01024,"₹3,00,000 - ₹6,00,000",131,4,8,2,3,5,2,3,100.0,25.1,10,2,450000
RESP_IN_01025,"₹3,00,000 - ₹6,00,000",112,4,6,3,2,3,1,2,87.7,23.4,10,2,450000
RESP_IN_01026,"₹3,00,000 - ₹6,00,000",103,3,8,3,3,4,3,1,86.9,31.7,9,2,450000
RESP_IN_01027,"₹12,00,000 - ₹25,00,000",131,5,9,4,3,5,4,1,94.8,34.9,10,4,1850000
RESP_IN_01028,"₹3,00,000 - ₹6,00,000",111,5,7,3,3,4,1,4,91.2,27.5,10,2,450000
RESP_IN_01029,"₹6,00,000 - ₹12,00,000",154,5,10,3,3,5,1,2,87.7,31.0,10,3,900000
RESP_IN_01030,"< ₹3,00,000",108,4,4,2,2,5,2,3,100.0,20.8,10,1,200000
RESP_IN_01031,"₹6,00,000 - ₹12,00,000",97,3,6,5,5,3,1,3,73.3,20.3,10,3,900000
RESP_IN_01032,"₹6,00,000 - ₹12,00,000",104,4,7,1,3,5,2,2,95.7,30.0,10,3,900000
RESP_IN_01033,"₹6,00,000 - ₹12,00,000",125,5,8,2,3,3,3,5,83.8,20.7,10,3,900000
RESP_IN_01034,"₹12,00,000 - ₹25,00,000",132,6,8,2,4,5,4,5,100.0,22.7,10,4,1850000
RESP_IN_01035,"< ₹3,00,000",99,3,6,2,4,5,4,3,91.3,30.6,10,1,200000
RESP_IN_01036,"< ₹3,00,000",78,2,5,2,3,4,1,2,85.8,20.3,10,1,200000
RESP_IN_01037,"₹6,00,000 - ₹12,00,000",132,5,9,5,5,4,1,3,80.9,24.3,10,3,900000
RESP_IN_01038,"₹3,00,000 - ₹6,00,000",126,6,6,3,1,4,4,4,100.0,25.9,10,2,450000
RESP_IN_01039,"₹12,00,000 - ₹25,00,000",123,4,7,3,5,5,2,2,100.0,27.6,10,4,1850000
RESP_IN_01040,"< ₹3,00,000",126,4,7,1,3,5,2,4,83.8,19.5,10,1,200000
RESP_IN_01041,"₹6,00,000 - ₹12,00,000",70,2,7,2,5,1,1,2,83.4,26.5,8,3,900000
RESP_IN_01042,"₹6,00,000 - ₹12,00,000",164,6,9,2,4,5,5,1,90.0,42.0,10,3,900000
RESP_IN_01043,"₹3,00,000 - ₹6,00,000",81,2,8,2,2,3,2,5,99.6,20.0,10,2,450000
RESP_IN_01044,"₹6,00,000 - ₹12,00,000",100,3,6,4,2,3,2,2,89.0,24.5,9,3,900000
RESP_IN_01045,"₹6,00,000 - ₹12,00,000",107,4,8,2,4,4,1,2,84.9,26.8,10,3,900000
RESP_IN_01046,"₹3,00,000 - ₹6,00,000",105,4,7,2,5,5,3,3,98.2,25.0,10,2,450000
RESP_IN_01047,"₹3,00,000 - ₹6,00,000",110,4,9,1,3,5,4,2,91.9,30.3,10,2,450000
RESP_IN_01048,"₹3,00,000 - ₹6,00,000",91,3,6,3,3,4,4,5,100.0,20.6,9,2,450000
RESP_IN_01049,"₹3,00,000 - ₹6,00,000",173,7,10,1,1,5,2,5,97.6,18.2,10,2,450000
RESP_IN_01050,"₹6,00,000 - ₹12,00,000",114,3,3,1,1,5,2,5,86.2,10.4,9,3,900000
RESP_IN_01051,"< ₹3,00,000",101,4,6,3,2,5,2,2,86.0,29.5,10,1,200000
RESP_IN_01052,"₹3,00,000 - ₹6,00,000",103,3,7,3,2,5,1,3,86.4,18.6,10,2,450000
RESP_IN_01053,"₹6,00,000 - ₹12,00,000",89,3,9,2,2,5,3,3,91.8,24.2,10,3,900000
RESP_IN_01054,"< ₹3,00,000",99,3,4,2,4,5,3,4,94.2,20.1,10,1,200000
RESP_IN_01055,"₹3,00,000 - ₹6,00,000",69,1,1,5,5,1,4,3,78.3,32.7,4,2,450000
RESP_IN_01056,"< ₹3,00,000",99,2,4,3,5,3,1,3,78.1,24.5,10,1,200000
RESP_IN_01057,"₹6,00,000 - ₹12,00,000",98,3,4,3,2,4,1,3,100.0,20.2,10,3,900000
RESP_IN_01058,"₹3,00,000 - ₹6,00,000",125,4,9,2,5,5,3,2,87.9,25.7,10,2,450000
RESP_IN_01059,"< ₹3,00,000",139,7,10,1,3,5,2,3,100.0,23.3,10,1,200000
RESP_IN_01060,"₹12,00,000 - ₹25,00,000",158,6,8,5,5,5,3,3,100.0,23.3,10,4,1850000
RESP_IN_01061,"₹6,00,000 - ₹12,00,000",109,3,8,1,4,4,4,2,86.0,29.1,10,3,900000
RESP_IN_01062,"₹12,00,000 - ₹25,00,000",121,4,9,3,3,5,2,3,69.4,22.2,10,4,1850000
RESP_IN_01063,"₹3,00,000 - ₹6,00,000",105,4,7,4,2,4,2,3,100.0,18.7,10,2,450000
RESP_IN_01064,"₹3,00,000 - ₹6,00,000",83,3,8,3,5,3,4,3,97.2,24.9,10,2,450000
RESP_IN_01065,"₹3,00,000 - ₹6,00,000",135,4,5,1,4,5,3,3,100.0,32.9,10,2,450000
RESP_IN_01066,"₹3,00,000 - ₹6,00,000",67,1,3,2,4,2,1,4,69.1,20.3,7,2,450000
RESP_IN_01067,"₹3,00,000 - ₹6,00,000",46,1,4,1,1,3,4,2,71.2,33.1,5,2,450000
RESP_IN_01068,"₹3,00,000 - ₹6,00,000",100,3,6,3,4,4,4,3,86.5,35.7,10,2,450000
RESP_IN_01069,"₹12,00,000 - ₹25,00,000",79,2,8,1,5,4,3,3,81.4,23.4,9,4,1850000
RESP_IN_01070,"₹3,00,000 - ₹6,00,000",123,5,6,1,4,5,2,5,100.0,18.8,10,2,450000
RESP_IN_01071,"₹3,00,000 - ₹6,00,000",99,4,7,1,1,4,3,5,90.3,25.6,10,2,450000
RESP_IN_01072,"₹6,00,000 - ₹12,00,000",111,4,9,3,2,4,1,4,92.2,16.7,10,3,900000
RESP_IN_01073,"₹3,00,000 - ₹6,00,000",152,5,10,1,1,5,1,2,93.8,32.4,10,2,450000
RESP_IN_01074,"₹3,00,000 - ₹6,00,000",152,6,10,4,4,5,5,1,98.1,42.7,10,2,450000
RESP_IN_01075,"₹12,00,000 - ₹25,00,000",111,4,4,2,4,4,3,1,87.9,36.7,10,4,1850000
RESP_IN_01076,"₹12,00,000 - ₹25,00,000",44,1,5,5,4,1,2,3,84.8,25.3,5,4,1850000
RESP_IN_01077,"> ₹25,00,000",96,4,5,3,3,5,2,4,77.2,16.8,10,5,3500000
RESP_IN_01078,"₹12,00,000 - ₹25,00,000",145,5,6,2,5,5,1,4,87.1,14.7,10,4,1850000
RESP_IN_01079,"₹6,00,000 - ₹12,00,000",132,5,7,2,4,5,5,3,100.0,33.3,10,3,900000
RESP_IN_01080,"₹6,00,000 - ₹12,00,000",67,2,7,2,5,2,5,3,100.0,33.7,7,3,900000
RESP_IN_01081,"₹6,00,000 - ₹12,00,000",127,5,9,3,2,5,3,2,100.0,28.1,10,3,900000
RESP_IN_01082,"₹12,00,000 - ₹25,00,000",102,3,5,4,2,2,2,4,100.0,15.4,8,4,1850000
RESP_IN_01083,"₹6,00,000 - ₹12,00,000",66,1,3,2,4,2,2,3,67.4,28.7,6,3,900000
RESP_IN_01084,"₹3,00,000 - ₹6,00,000",101,3,4,3,1,4,5,2,95.8,37.0,8,2,450000
RESP_IN_01085,"> ₹25,00,000",98,3,6,2,1,5,1,3,100.0,19.5,10,5,3500000
RESP_IN_01086,"< ₹3,00,000",84,2,6,4,3,3,2,1,55.0,35.5,9,1,200000
RESP_IN_01087,"₹6,00,000 - ₹12,00,000",92,4,8,1,1,4,4,3,86.3,31.3,9,3,900000
RESP_IN_01088,"< ₹3,00,000",110,3,6,5,2,2,3,4,75.2,28.4,10,1,200000
RESP_IN_01089,"< ₹3,00,000",116,4,6,2,5,5,4,2,89.0,29.6,10,1,200000
RESP_IN_01090,"> ₹25,00,000",133,5,6,1,3,5,3,4,92.3,22.7,10,5,3500000
RESP_IN_01091,"₹6,00,000 - ₹12,00,000",69,1,4,2,3,4,3,3,93.3,34.0,7,3,900000
RESP_IN_01092,"₹12,00,000 - ₹25,00,000",107,4,5,1,2,5,1,3,86.4,23.9,10,4,1850000
RESP_IN_01093,"< ₹3,00,000",124,4,8,1,3,5,3,1,87.4,30.0,10,1,200000
RESP_IN_01094,"< ₹3,00,000",98,3,3,3,2,4,4,3,91.7,26.6,7,1,200000
RESP_IN_01095,"< ₹3,00,000",109,3,4,3,4,4,4,3,98.6,35.8,9,1,200000
RESP_IN_01096,"₹3,00,000 - ₹6,00,000",80,2,5,5,5,1,4,3,89.4,32.4,7,2,450000
RESP_IN_01097,"< ₹3,00,000",122,6,9,3,2,5,2,2,100.0,25.8,10,1,200000
RESP_IN_01098,"₹6,00,000 - ₹12,00,000",79,2,4,3,2,2,3,3,82.6,29.3,7,3,900000
RESP_IN_01099,"₹3,00,000 - ₹6,00,000",94,3,7,2,2,5,4,2,86.2,38.3,9,2,450000
RESP_IN_01100,"₹3,00,000 - ₹6,00,000",70,2,6,1,5,3,1,3,91.4,17.3,8,2,450000
RESP_IN_01101,"₹6,00,000 - ₹12,00,000",90,3,5,1,1,4,4,1,99.9,39.5,9,3,900000
RESP_IN_01102,"₹6,00,000 - ₹12,00,000",120,4,8,5,4,4,1,3,100.0,20.4,10,3,900000
RESP_IN_01103,"₹6,00,000 - ₹12,00,000",94,1,3,3,1,3,1,1,86.5,30.7,8,3,900000
RESP_IN_01104,"₹6,00,000 - ₹12,00,000",108,4,7,2,1,5,3,2,71.5,27.2,10,3,900000
RESP_IN_01105,"₹6,00,000 - ₹12,00,000",100,2,5,4,4,4,1,2,90.7,22.0,10,3,900000
RESP_IN_01106,"₹6,00,000 - ₹12,00,000",133,5,7,2,3,5,4,2,100.0,32.2,10,3,900000
RESP_IN_01107,"< ₹3,00,000",104,4,6,4,2,4,1,3,100.0,15.2,10,1,200000
RESP_IN_01108,"₹3,00,000 - ₹6,00,000",127,5,7,3,1,5,1,4,92.4,15.1,10,2,450000
RESP_IN_01109,"₹6,00,000 - ₹12,00,000",100,4,7,3,2,4,2,3,86.3,22.4,10,3,900000
RESP_IN_01110,"₹3,00,000 - ₹6,00,000",97,3,6,2,2,3,4,3,86.9,24.7,7,2,450000
RESP_IN_01111,"< ₹3,00,000",119,5,9,1,3,5,2,2,90.4,31.5,10,1,200000
RESP_IN_01112,"< ₹3,00,000",112,4,5,4,5,5,2,3,100.0,23.6,10,1,200000
RESP_IN_01113,"< ₹3,00,000",153,6,10,4,2,5,3,1,100.0,23.9,10,1,200000
RESP_IN_01114,"₹3,00,000 - ₹6,00,000",103,3,8,1,4,4,4,5,74.7,27.0,10,2,450000
RESP_IN_01115,"₹12,00,000 - ₹25,00,000",114,4,8,4,5,5,1,5,85.1,5.8,10,4,1850000
RESP_IN_01116,"₹12,00,000 - ₹25,00,000",113,3,6,2,4,4,2,3,96.4,20.7,10,4,1850000
RESP_IN_01117,"₹3,00,000 - ₹6,00,000",81,2,5,3,4,4,3,4,91.9,28.8,9,2,450000
RESP_IN_01118,"₹12,00,000 - ₹25,00,000",151,7,9,2,4,5,1,4,96.0,17.8,10,4,1850000
RESP_IN_01119,"> ₹25,00,000",91,3,6,5,5,2,1,2,91.9,25.7,10,5,3500000
RESP_IN_01120,"< ₹3,00,000",120,5,9,5,1,4,1,3,96.0,21.2,10,1,200000
RESP_IN_01121,"₹3,00,000 - ₹6,00,000",74,1,5,4,2,1,4,3,85.4,21.7,6,2,450000
RESP_IN_01122,"₹3,00,000 - ₹6,00,000",98,3,4,2,1,5,1,5,89.1,9.8,10,2,450000
RESP_IN_01123,"< ₹3,00,000",105,3,5,2,3,4,1,3,99.9,21.4,10,1,200000
RESP_IN_01124,"₹3,00,000 - ₹6,00,000",93,3,7,5,4,3,1,2,78.9,23.5,10,2,450000
RESP_IN_01125,"> ₹25,00,000",132,4,6,1,4,5,5,3,96.8,37.2,9,5,3500000
RESP_IN_01126,"₹3,00,000 - ₹6,00,000",113,3,10,1,4,5,3,4,82.7,22.5,10,2,450000
RESP_IN_01127,"₹6,00,000 - ₹12,00,000",83,2,4,1,5,4,5,3,89.7,31.8,6,3,900000
RESP_IN_01128,"< ₹3,00,000",145,6,9,2,4,5,4,4,83.5,28.3,10,1,200000
RESP_IN_01129,"₹12,00,000 - ₹25,00,000",73,2,6,2,3,2,3,4,80.8,26.5,7,4,1850000
RESP_IN_01130,"₹12,00,000 - ₹25,00,000",131,5,7,1,3,5,1,3,100.0,26.8,10,4,1850000
RESP_IN_01131,"₹12,00,000 - ₹25,00,000",81,1,4,3,1,2,3,2,85.4,34.0,6,4,1850000
RESP_IN_01132,"₹6,00,000 - ₹12,00,000",101,3,9,1,1,4,2,4,83.6,18.5,10,3,900000
RESP_IN_01133,"₹6,00,000 - ₹12,00,000",102,4,8,2,3,4,5,5,96.4,26.1,10,3,900000
RESP_IN_01134,"₹3,00,000 - ₹6,00,000",119,4,5,4,3,5,2,1,100.0,32.1,10,2,450000
RESP_IN_01135,"< ₹3,00,000",134,7,9,2,2,4,3,1,99.3,34.0,10,1,200000
RESP_IN_01136,"₹3,00,000 - ₹6,00,000",103,3,6,3,2,4,1,4,87.4,25.0,10,2,450000
RESP_IN_01137,"₹12,00,000 - ₹25,00,000",104,3,5,2,5,4,5,4,100.0,29.5,10,4,1850000
RESP_IN_01138,"₹3,00,000 - ₹6,00,000",115,4,6,2,4,4,1,4,73.4,13.1,10,2,450000
RESP_IN_01139,"₹3,00,000 - ₹6,00,000",146,5,9,2,2,5,3,2,100.0,26.5,10,2,450000
RESP_IN_01140,"₹3,00,000 - ₹6,00,000",116,4,8,4,1,3,5,4,99.8,33.3,9,2,450000
RESP_IN_01141,"₹6,00,000 - ₹12,00,000",114,3,8,4,2,4,3,3,83.6,31.8,10,3,900000
RESP_IN_01142,"< ₹3,00,000",104,2,8,1,4,5,3,2,100.0,27.8,10,1,200000
RESP_IN_01143,"₹12,00,000 - ₹25,00,000",122,5,8,3,1,3,5,3,100.0,31.5,9,4,1850000
RESP_IN_01144,"₹6,00,000 - ₹12,00,000",103,2,3,3,2,3,2,4,89.3,21.7,10,3,900000
RESP_IN_01145,"₹6,00,000 - ₹12,00,000",108,5,7,3,4,5,4,5,100.0,23.0,10,3,900000
RESP_IN_01146,"₹3,00,000 - ₹6,00,000",157,7,10,1,3,5,3,1,100.0,32.4,10,2,450000
RESP_IN_01147,"₹12,00,000 - ₹25,00,000",161,7,9,5,3,5,2,3,93.8,15.0,10,4,1850000
RESP_IN_01148,"₹3,00,000 - ₹6,00,000",132,4,9,4,3,4,4,4,100.0,19.0,10,2,450000
RESP_IN_01149,"₹3,00,000 - ₹6,00,000",114,3,4,1,3,5,3,2,81.4,27.6,8,2,450000
RESP_IN_01150,"₹3,00,000 - ₹6,00,000",153,5,7,2,5,5,5,2,94.3,30.9,10,2,450000
RESP_IN_01151,"₹3,00,000 - ₹6,00,000",93,3,6,5,1,2,3,3,97.3,24.7,9,2,450000
RESP_IN_01152,"₹3,00,000 - ₹6,00,000",70,2,3,1,3,5,1,2,91.5,24.6,8,2,450000
RESP_IN_01153,"₹6,00,000 - ₹12,00,000",100,4,5,1,1,5,4,2,96.7,35.7,10,3,900000
RESP_IN_01154,"₹12,00,000 - ₹25,00,000",65,2,4,1,3,2,2,2,64.9,28.0,5,4,1850000
RESP_IN_01155,"₹3,00,000 - ₹6,00,000",104,4,5,2,2,4,3,4,84.8,22.9,10,2,450000
RESP_IN_01156,"₹3,00,000 - ₹6,00,000",143,6,9,4,1,5,1,2,93.7,21.1,10,2,450000
RESP_IN_01157,"₹3,00,000 - ₹6,00,000",123,4,7,2,4,5,2,3,100.0,19.4,10,2,450000
RESP_IN_01158,"₹3,00,000 - ₹6,00,000",92,2,7,1,5,4,3,3,75.3,27.1,8,2,450000
RESP_IN_01159,"₹3,00,000 - ₹6,00,000",133,6,10,1,4,5,3,3,100.0,27.4,10,2,450000
RESP_IN_01160,"₹3,00,000 - ₹6,00,000",87,2,4,2,2,3,3,5,95.9,20.8,8,2,450000
RESP_IN_01161,"< ₹3,00,000",132,6,8,4,3,4,5,5,100.0,21.1,10,1,200000
RESP_IN_01162,"₹3,00,000 - ₹6,00,000",91,3,6,2,2,3,1,2,65.2,24.3,10,2,450000
RESP_IN_01163,"₹6,00,000 - ₹12,00,000",105,4,7,2,3,5,2,2,87.6,27.5,10,3,900000
RESP_IN_01164,"₹3,00,000 - ₹6,00,000",107,3,6,1,3,4,2,2,93.6,28.6,10,2,450000
RESP_IN_01165,"₹6,00,000 - ₹12,00,000",156,6,9,2,3,5,3,4,84.8,28.7,10,3,900000
RESP_IN_01166,"₹12,00,000 - ₹25,00,000",83,2,7,2,4,4,4,1,100.0,33.4,9,4,1850000
RESP_IN_01167,"₹6,00,000 - ₹12,00,000",57,2,5,1,3,3,3,2,80.3,35.4,6,3,900000
RESP_IN_01168,"< ₹3,00,000",138,5,5,2,2,5,2,1,100.0,30.5,10,1,200000
RESP_IN_01169,"< ₹3,00,000",142,5,6,1,3,5,1,4,69.1,11.4,10,1,200000
RESP_IN_01170,"₹6,00,000 - ₹12,00,000",80,2,7,2,2,2,2,2,92.4,25.0,7,3,900000
RESP_IN_01171,"₹3,00,000 - ₹6,00,000",89,4,6,4,2,4,2,2,96.6,32.8,10,2,450000
RESP_IN_01172,"< ₹3,00,000",114,3,3,1,5,5,4,2,95.8,38.3,8,1,200000
RESP_IN_01173,"₹3,00,000 - ₹6,00,000",136,6,11,1,2,5,4,3,95.4,32.7,10,2,450000
RESP_IN_01174,"₹6,00,000 - ₹12,00,000",74,2,4,2,2,3,2,4,79.3,27.7,8,3,900000
RESP_IN_01175,"₹6,00,000 - ₹12,00,000",118,5,8,1,3,5,1,2,70.5,21.7,10,3,900000
RESP_IN_01176,"₹6,00,000 - ₹12,00,000",139,6,6,1,4,5,4,2,97.7,37.2,10,3,900000
RESP_IN_01177,"₹3,00,000 - ₹6,00,000",58,1,6,3,2,2,5,2,76.9,30.9,5,2,450000
RESP_IN_01178,"₹6,00,000 - ₹12,00,000",171,7,9,4,4,5,1,2,89.7,27.2,10,3,900000
RESP_IN_01179,"₹12,00,000 - ₹25,00,000",73,2,8,3,5,2,3,3,88.1,23.4,8,4,1850000
RESP_IN_01180,"₹3,00,000 - ₹6,00,000",111,4,4,3,3,5,5,1,78.2,39.0,10,2,450000
RESP_IN_01181,"₹12,00,000 - ₹25,00,000",101,3,5,1,5,5,1,1,77.0,21.4,10,4,1850000
RESP_IN_01182,"₹3,00,000 - ₹6,00,000",84,4,8,5,3,3,5,2,94.0,34.8,10,2,450000
RESP_IN_01183,"₹6,00,000 - ₹12,00,000",119,4,8,2,5,5,2,1,84.7,33.2,10,3,900000
RESP_IN_01184,"₹6,00,000 - ₹12,00,000",145,6,8,5,2,5,2,3,87.2,29.1,10,3,900000
RESP_IN_01185,"₹3,00,000 - ₹6,00,000",136,5,8,3,5,5,4,3,100.0,32.1,10,2,450000
RESP_IN_01186,"> ₹25,00,000",140,6,10,4,1,5,4,5,88.1,16.7,10,5,3500000
RESP_IN_01187,"₹3,00,000 - ₹6,00,000",136,6,13,3,3,5,1,1,93.1,26.7,10,2,450000
RESP_IN_01188,"< ₹3,00,000",117,4,6,2,3,5,3,4,86.8,16.2,10,1,200000
RESP_IN_01189,"₹3,00,000 - ₹6,00,000",126,4,6,2,2,5,5,2,89.9,34.5,10,2,450000
RESP_IN_01190,"₹3,00,000 - ₹6,00,000",99,4,8,2,4,4,2,3,82.2,24.5,10,2,450000
RESP_IN_01191,"₹3,00,000 - ₹6,00,000",109,4,3,4,1,4,3,3,79.0,24.3,10,2,450000
RESP_IN_01192,"< ₹3,00,000",107,4,5,2,5,4,3,4,100.0,26.3,10,1,200000
RESP_IN_01193,"₹3,00,000 - ₹6,00,000",113,4,4,2,1,5,3,2,99.3,29.2,9,2,450000
RESP_IN_01194,"₹6,00,000 - ₹12,00,000",101,3,7,2,1,5,1,1,99.8,26.4,10,3,900000
RESP_IN_01195,"< ₹3,00,000",106,3,8,1,3,5,1,3,100.0,23.4,10,1,200000
RESP_IN_01196,"₹3,00,000 - ₹6,00,000",157,7,8,2,1,5,4,2,97.2,40.5,10,2,450000
RESP_IN_01197,"₹12,00,000 - ₹25,00,000",101,3,8,3,2,4,5,2,79.4,34.8,9,4,1850000
RESP_IN_01198,"₹3,00,000 - ₹6,00,000",116,5,11,3,4,5,1,3,95.6,18.2,10,2,450000
RESP_IN_01199,"₹3,00,000 - ₹6,00,000",97,3,7,4,4,2,5,5,82.0,29.3,9,2,450000
RESP_IN_01200,"> ₹25,00,000",82,3,9,4,4,2,4,4,79.8,32.8,10,5,3500000
RESP_IN_01201,"₹3,00,000 - ₹6,00,000",105,3,7,1,4,3,1,2,92.9,18.7,9,2,450000
RESP_IN_01202,"₹12,00,000 - ₹25,00,000",113,5,8,4,4,5,5,1,96.2,42.2,10,4,1850000
RESP_IN_01203,"₹12,00,000 - ₹25,00,000",112,6,10,2,3,5,4,4,92.6,26.7,10,4,1850000
RESP_IN_01204,"> ₹25,00,000",143,4,6,4,3,4,3,3,77.1,21.2,10,5,3500000
RESP_IN_01205,"> ₹25,00,000",147,5,8,3,1,2,5,3,85.5,33.2,10,5,3500000
RESP_IN_01206,"₹6,00,000 - ₹12,00,000",102,2,7,5,2,3,4,2,82.1,36.0,8,3,900000
RESP_IN_01207,"₹3,00,000 - ₹6,00,000",100,3,7,4,4,3,4,4,95.8,23.5,9,2,450000
RESP_IN_01208,"₹3,00,000 - ₹6,00,000",104,4,6,1,2,4,2,3,100.0,20.6,9,2,450000
RESP_IN_01209,"₹3,00,000 - ₹6,00,000",108,4,9,5,1,2,1,2,86.4,23.7,10,2,450000
RESP_IN_01210,"< ₹3,00,000",99,3,5,1,4,5,1,4,89.9,14.0,10,1,200000
RESP_IN_01211,"< ₹3,00,000",109,3,7,1,4,5,3,5,99.5,18.3,10,1,200000
RESP_IN_01212,"< ₹3,00,000",98,3,7,2,3,4,2,1,73.7,33.2,10,1,200000
RESP_IN_01213,"₹12,00,000 - ₹25,00,000",90,3,7,2,3,3,3,5,83.3,14.3,10,4,1850000
RESP_IN_01214,"₹12,00,000 - ₹25,00,000",74,2,4,1,4,3,4,4,89.3,36.6,7,4,1850000
RESP_IN_01215,"₹3,00,000 - ₹6,00,000",144,7,8,4,4,5,3,2,100.0,34.8,10,2,450000
RESP_IN_01216,"₹3,00,000 - ₹6,00,000",113,4,11,1,3,5,3,3,87.4,29.9,10,2,450000
RESP_IN_01217,"₹6,00,000 - ₹12,00,000",96,2,6,1,5,4,1,5,100.0,16.2,10,3,900000
RESP_IN_01218,"< ₹3,00,000",106,4,10,4,3,4,1,2,90.7,24.5,10,1,200000
RESP_IN_01219,"₹3,00,000 - ₹6,00,000",97,4,5,2,4,5,3,1,100.0,39.6,10,2,450000
RESP_IN_01220,"₹3,00,000 - ₹6,00,000",96,3,9,4,4,4,2,1,91.0,31.1,10,2,450000
RESP_IN_01221,"< ₹3,00,000",126,4,6,2,3,4,4,3,98.7,28.1,10,1,200000
RESP_IN_01222,"< ₹3,00,000",139,5,7,4,3,5,2,3,82.2,28.9,10,1,200000
RESP_IN_01223,"₹6,00,000 - ₹12,00,000",116,5,11,1,5,5,2,3,100.0,27.3,10,3,900000
RESP_IN_01224,"< ₹3,00,000",128,4,6,3,2,3,1,3,84.1,13.4,10,1,200000
RESP_IN_01225,"₹3,00,000 - ₹6,00,000",104,3,9,2,2,5,1,2,100.0,23.1,10,2,450000
RESP_IN_01226,"₹6,00,000 - ₹12,00,000",173,7,11,4,2,5,1,5,100.0,13.3,10,3,900000
RESP_IN_01227,"₹3,00,000 - ₹6,00,000",129,4,7,3,1,5,2,2,99.0,28.6,10,2,450000
RESP_IN_01228,"> ₹25,00,000",88,1,3,2,2,2,2,2,59.9,27.5,7,5,3500000
RESP_IN_01229,"< ₹3,00,000",156,5,6,1,4,5,3,3,90.7,19.0,10,1,200000
RESP_IN_01230,"₹6,00,000 - ₹12,00,000",103,3,5,2,4,5,2,3,74.3,31.6,10,3,900000
RESP_IN_01231,"₹3,00,000 - ₹6,00,000",137,5,9,3,3,5,2,3,96.5,22.6,10,2,450000
RESP_IN_01232,"₹3,00,000 - ₹6,00,000",98,4,8,2,1,5,4,4,87.0,22.5,10,2,450000
RESP_IN_01233,"₹3,00,000 - ₹6,00,000",98,3,7,4,3,3,1,3,89.3,22.2,10,2,450000
RESP_IN_01234,"< ₹3,00,000",90,3,5,1,4,5,4,3,88.6,23.9,9,1,200000
RESP_IN_01235,"< ₹3,00,000",116,4,7,1,4,4,2,3,100.0,22.5,10,1,200000
RESP_IN_01236,"₹3,00,000 - ₹6,00,000",91,3,6,5,1,3,1,2,74.5,24.2,9,2,450000
RESP_IN_01237,"< ₹3,00,000",145,5,8,4,1,5,2,2,94.7,29.3,10,1,200000
RESP_IN_01238,"< ₹3,00,000",79,2,8,2,4,4,1,2,82.4,27.9,10,1,200000
RESP_IN_01239,"₹3,00,000 - ₹6,00,000",68,1,3,2,3,4,2,4,81.2,21.1,7,2,450000
RESP_IN_01240,"₹6,00,000 - ₹12,00,000",99,3,10,4,1,3,1,1,99.4,29.1,10,3,900000
RESP_IN_01241,"₹3,00,000 - ₹6,00,000",108,4,8,4,2,3,3,2,90.8,35.8,10,2,450000
RESP_IN_01242,"< ₹3,00,000",108,5,8,2,4,5,2,2,99.7,28.9,10,1,200000
RESP_IN_01243,"₹6,00,000 - ₹12,00,000",95,3,6,3,4,4,4,3,95.0,26.9,10,3,900000
RESP_IN_01244,"₹6,00,000 - ₹12,00,000",107,3,6,3,4,4,4,4,90.2,25.7,10,3,900000
RESP_IN_01245,"< ₹3,00,000",103,3,8,1,2,4,4,2,82.6,38.1,9,1,200000
RESP_IN_01246,"₹3,00,000 - ₹6,00,000",102,3,6,1,4,5,1,5,88.9,7.6,10,2,450000
RESP_IN_01247,"₹3,00,000 - ₹6,00,000",90,3,7,3,4,4,1,5,98.8,8.4,10,2,450000
RESP_IN_01248,"₹12,00,000 - ₹25,00,000",115,3,7,1,3,5,4,2,70.3,21.0,10,4,1850000
RESP_IN_01249,"< ₹3,00,000",118,4,5,4,1,4,1,4,100.0,13.2,10,1,200000
RESP_IN_01250,"< ₹3,00,000",93,2,4,4,4,2,1,4,89.3,14.5,9,1,200000
RESP_IN_01251,"₹6,00,000 - ₹12,00,000",119,3,6,4,1,4,2,3,100.0,30.9,10,3,900000
RESP_IN_01252,"₹6,00,000 - ₹12,00,000",89,4,9,3,3,3,1,3,100.0,24.7,10,3,900000
RESP_IN_01253,"< ₹3,00,000",115,5,9,4,5,4,4,3,77.9,33.1,10,1,200000
RESP_IN_01254,"< ₹3,00,000",142,6,10,1,5,5,2,3,100.0,22.0,10,1,200000
RESP_IN_01255,"₹6,00,000 - ₹12,00,000",94,3,7,1,4,4,3,3,97.1,25.0,9,3,900000
RESP_IN_01256,"₹6,00,000 - ₹12,00,000",133,4,6,5,2,3,5,3,90.6,30.9,10,3,900000
RESP_IN_01257,"₹3,00,000 - ₹6,00,000",98,3,7,1,1,5,2,2,100.0,25.1,10,2,450000
RESP_IN_01258,"₹3,00,000 - ₹6,00,000",107,2,5,4,2,2,2,4,78.2,18.2,9,2,450000
RESP_IN_01259,"₹6,00,000 - ₹12,00,000",86,2,7,3,5,3,4,3,85.2,35.9,9,3,900000
RESP_IN_01260,"₹3,00,000 - ₹6,00,000",75,2,5,5,3,1,2,2,92.7,22.6,7,2,450000
RESP_IN_01261,"₹6,00,000 - ₹12,00,000",128,4,7,3,4,4,1,2,80.4,27.6,10,3,900000
RESP_IN_01262,"₹12,00,000 - ₹25,00,000",119,5,8,4,5,5,2,5,98.0,18.4,10,4,1850000
RESP_IN_01263,"₹6,00,000 - ₹12,00,000",107,3,7,3,4,4,2,3,98.0,31.4,10,3,900000
RESP_IN_01264,"₹3,00,000 - ₹6,00,000",106,4,6,3,2,4,3,2,94.8,36.7,10,2,450000
RESP_IN_01265,"< ₹3,00,000",108,4,5,1,5,5,2,1,81.4,33.2,10,1,200000
RESP_IN_01266,"> ₹25,00,000",114,4,8,2,3,5,1,5,93.0,12.9,10,5,3500000
RESP_IN_01267,"< ₹3,00,000",145,6,10,2,2,5,3,3,88.8,32.0,10,1,200000
RESP_IN_01268,"₹6,00,000 - ₹12,00,000",128,4,6,2,3,5,1,4,74.4,19.0,10,3,900000
RESP_IN_01269,"₹6,00,000 - ₹12,00,000",107,3,5,5,5,3,3,4,100.0,22.4,10,3,900000
RESP_IN_01270,"> ₹25,00,000",130,5,6,1,2,5,1,3,83.0,25.0,10,5,3500000
RESP_IN_01271,"₹6,00,000 - ₹12,00,000",167,7,9,2,4,5,3,5,98.4,18.6,10,3,900000
RESP_IN_01272,"₹3,00,000 - ₹6,00,000",76,2,6,5,3,1,1,3,93.3,13.3,9,2,450000
RESP_IN_01273,"₹12,00,000 - ₹25,00,000",95,3,5,4,4,3,1,3,77.4,21.6,10,4,1850000
RESP_IN_01274,"₹12,00,000 - ₹25,00,000",128,4,10,2,4,5,3,4,98.5,28.0,10,4,1850000
RESP_IN_01275,"₹3,00,000 - ₹6,00,000",83,2,6,4,1,3,4,3,95.7,29.3,7,2,450000
RESP_IN_01276,"₹3,00,000 - ₹6,00,000",119,4,7,4,4,5,1,1,100.0,29.0,10,2,450000
RESP_IN_01277,"₹6,00,000 - ₹12,00,000",117,4,8,3,3,5,3,1,89.4,41.8,10,3,900000
RESP_IN_01278,"₹6,00,000 - ₹12,00,000",124,3,4,3,3,3,1,5,79.6,13.4,10,3,900000
RESP_IN_01279,"₹3,00,000 - ₹6,00,000",125,4,6,1,3,5,3,3,92.5,36.9,10,2,450000
RESP_IN_01280,"₹3,00,000 - ₹6,00,000",94,3,8,3,4,4,2,4,84.3,20.5,10,2,450000
RESP_IN_01281,"₹12,00,000 - ₹25,00,000",154,6,9,3,1,5,2,4,89.4,19.7,10,4,1850000
RESP_IN_01282,"₹3,00,000 - ₹6,00,000",83,3,4,1,5,3,3,3,74.1,32.8,7,2,450000
RESP_IN_01283,"₹12,00,000 - ₹25,00,000",123,4,5,3,2,3,4,1,100.0,32.4,9,4,1850000
RESP_IN_01284,"₹3,00,000 - ₹6,00,000",106,4,9,1,1,5,2,4,93.9,24.5,10,2,450000
RESP_IN_01285,"₹3,00,000 - ₹6,00,000",102,3,5,3,3,3,3,2,86.3,35.6,9,2,450000
RESP_IN_01286,"₹3,00,000 - ₹6,00,000",99,3,7,1,4,5,4,3,99.3,24.8,9,2,450000
RESP_IN_01287,"₹12,00,000 - ₹25,00,000",98,4,7,3,3,4,3,4,95.2,22.9,10,4,1850000
RESP_IN_01288,"< ₹3,00,000",87,3,5,1,1,4,1,3,94.5,19.7,10,1,200000
RESP_IN_01289,"₹3,00,000 - ₹6,00,000",121,5,10,5,3,4,4,4,100.0,28.6,10,2,450000
RESP_IN_01290,"₹6,00,000 - ₹12,00,000",108,4,5,1,2,5,1,3,87.9,27.7,10,3,900000
RESP_IN_01291,"₹3,00,000 - ₹6,00,000",104,3,8,1,4,5,2,1,94.5,20.1,10,2,450000
RESP_IN_01292,"₹3,00,000 - ₹6,00,000",102,4,6,2,1,5,2,5,82.7,20.3,10,2,450000
RESP_IN_01293,"₹3,00,000 - ₹6,00,000",118,4,6,5,5,3,1,2,93.1,27.5,10,2,450000
RESP_IN_01294,"₹3,00,000 - ₹6,00,000",155,6,8,2,4,5,2,3,99.9,25.2,10,2,450000
RESP_IN_01295,"₹3,00,000 - ₹6,00,000",141,4,8,4,2,5,4,4,91.7,27.7,10,2,450000
RESP_IN_01296,"< ₹3,00,000",106,2,5,2,4,3,3,5,90.9,18.8,10,1,200000
RESP_IN_01297,"₹6,00,000 - ₹12,00,000",144,4,8,3,5,5,4,3,94.0,29.9,10,3,900000
RESP_IN_01298,"₹12,00,000 - ₹25,00,000",103,3,3,2,2,5,4,4,100.0,27.2,9,4,1850000
RESP_IN_01299,"₹6,00,000 - ₹12,00,000",117,4,7,5,2,4,1,2,100.0,20.3,10,3,900000
RESP_IN_01300,"₹6,00,000 - ₹12,00,000",133,5,9,5,3,5,1,2,99.9,16.2,10,3,900000
RESP_IN_01301,"₹6,00,000 - ₹12,00,000",141,7,10,5,5,5,2,1,100.0,31.5,10,3,900000
RESP_IN_01302,"₹3,00,000 - ₹6,00,000",112,4,6,2,3,5,4,1,100.0,40.8,10,2,450000
RESP_IN_01303,"₹6,00,000 - ₹12,00,000",116,4,9,1,5,5,1,3,79.3,22.5,10,3,900000
RESP_IN_01304,"₹12,00,000 - ₹25,00,000",80,2,6,2,5,3,2,4,76.4,19.0,10,4,1850000
RESP_IN_01305,"₹3,00,000 - ₹6,00,000",101,4,7,2,3,4,1,3,86.8,22.3,10,2,450000
RESP_IN_01306,"< ₹3,00,000",97,3,5,2,2,4,1,2,78.8,27.1,10,1,200000
RESP_IN_01307,"< ₹3,00,000",114,4,9,4,5,5,1,3,95.4,21.0,10,1,200000
RESP_IN_01308,"₹3,00,000 - ₹6,00,000",135,5,12,3,1,4,4,4,100.0,23.7,10,2,450000
RESP_IN_01309,"< ₹3,00,000",76,1,4,1,3,4,1,1,100.0,15.7,9,1,200000
RESP_IN_01310,"₹6,00,000 - ₹12,00,000",111,3,4,2,3,5,2,2,89.6,23.7,9,3,900000
RESP_IN_01311,"> ₹25,00,000",120,4,7,1,5,5,4,3,84.2,26.6,10,5,3500000
RESP_IN_01312,"< ₹3,00,000",131,4,6,2,4,5,3,3,80.9,25.4,10,1,200000
RESP_IN_01313,"₹3,00,000 - ₹6,00,000",116,4,5,4,1,5,3,3,100.0,24.4,10,2,450000
RESP_IN_01314,"₹3,00,000 - ₹6,00,000",153,6,10,5,1,4,1,5,100.0,0.0,10,2,450000
RESP_IN_01315,"₹3,00,000 - ₹6,00,000",50,1,3,3,3,1,4,3,99.5,21.9,4,2,450000
RESP_IN_01316,"₹6,00,000 - ₹12,00,000",84,3,7,1,3,5,4,3,92.7,31.5,9,3,900000
RESP_IN_01317,"₹6,00,000 - ₹12,00,000",138,5,5,3,2,5,3,3,76.5,27.0,10,3,900000
RESP_IN_01318,"< ₹3,00,000",162,6,10,2,5,5,4,3,84.0,33.1,10,1,200000
RESP_IN_01319,"₹3,00,000 - ₹6,00,000",119,5,9,2,3,5,2,3,87.5,16.3,10,2,450000
RESP_IN_01320,"₹6,00,000 - ₹12,00,000",131,4,6,5,3,4,3,3,88.1,20.9,10,3,900000
RESP_IN_01321,"₹6,00,000 - ₹12,00,000",67,1,5,2,2,3,1,5,74.9,18.5,8,3,900000
RESP_IN_01322,"< ₹3,00,000",123,5,8,4,2,5,2,4,92.7,17.5,10,1,200000
RESP_IN_01323,"₹3,00,000 - ₹6,00,000",127,4,6,1,3,5,1,4,87.4,21.1,10,2,450000
RESP_IN_01324,"< ₹3,00,000",130,4,6,2,1,5,2,2,80.1,29.1,10,1,200000
RESP_IN_01325,"₹3,00,000 - ₹6,00,000",129,4,7,1,2,5,1,3,75.8,25.3,10,2,450000
RESP_IN_01326,"> ₹25,00,000",178,7,11,2,4,5,2,2,100.0,31.6,10,5,3500000
RESP_IN_01327,"< ₹3,00,000",122,6,7,3,2,5,3,3,85.7,23.7,10,1,200000
RESP_IN_01328,"₹3,00,000 - ₹6,00,000",134,5,10,1,2,5,3,1,90.9,37.0,10,2,450000
RESP_IN_01329,"₹12,00,000 - ₹25,00,000",108,4,10,2,3,4,2,3,86.8,22.6,10,4,1850000
RESP_IN_01330,"₹6,00,000 - ₹12,00,000",141,6,7,3,3,5,3,3,100.0,28.3,10,3,900000
RESP_IN_01331,"> ₹25,00,000",101,3,5,3,2,4,2,1,94.5,32.8,10,5,3500000
RESP_IN_01332,"< ₹3,00,000",127,5,5,1,2,5,4,3,94.2,23.1,10,1,200000
RESP_IN_01333,"₹3,00,000 - ₹6,00,000",155,6,6,2,3,5,3,1,100.0,36.0,10,2,450000
RESP_IN_01334,"₹3,00,000 - ₹6,00,000",103,3,5,1,1,5,4,1,82.6,34.9,9,2,450000
RESP_IN_01335,"₹3,00,000 - ₹6,00,000",149,5,8,2,3,5,5,1,85.3,35.5,10,2,450000
RESP_IN_01336,"₹3,00,000 - ₹6,00,000",115,3,6,5,4,3,2,2,75.0,32.1,9,2,450000
RESP_IN_01337,"₹12,00,000 - ₹25,00,000",63,2,6,4,5,1,3,1,93.8,32.6,8,4,1850000
RESP_IN_01338,"₹3,00,000 - ₹6,00,000",69,1,6,5,4,2,3,3,84.9,29.0,7,2,450000
RESP_IN_01339,"₹3,00,000 - ₹6,00,000",96,3,9,2,1,3,5,3,84.8,34.3,9,2,450000
RESP_IN_01340,"₹12,00,000 - ₹25,00,000",115,3,4,2,2,4,2,3,85.6,16.6,10,4,1850000
RESP_IN_01341,"₹12,00,000 - ₹25,00,000",78,2,7,3,2,3,3,3,82.3,24.7,9,4,1850000
RESP_IN_01342,"₹3,00,000 - ₹6,00,000",127,4,7,4,5,3,3,5,82.0,18.4,10,2,450000
RESP_IN_01343,"< ₹3,00,000",142,6,11,1,1,5,3,4,100.0,26.0,10,1,200000
RESP_IN_01344,"₹12,00,000 - ₹25,00,000",78,2,6,2,3,5,5,4,84.4,33.1,9,4,1850000
RESP_IN_01345,"₹3,00,000 - ₹6,00,000",100,4,8,5,3,3,1,3,100.0,23.7,10,2,450000
RESP_IN_01346,"₹3,00,000 - ₹6,00,000",97,3,7,1,3,4,4,1,93.2,39.2,10,2,450000
RESP_IN_01347,"₹12,00,000 - ₹25,00,000",142,6,7,2,4,5,5,1,82.2,36.5,10,4,1850000
RESP_IN_01348,"> ₹25,00,000",147,7,10,2,5,5,1,4,88.2,14.8,10,5,3500000
RESP_IN_01349,"< ₹3,00,000",136,4,7,3,4,3,5,3,79.3,27.7,9,1,200000
RESP_IN_01350,"₹3,00,000 - ₹6,00,000",128,5,9,3,3,5,3,4,100.0,26.9,10,2,450000
RESP_IN_01351,"₹12,00,000 - ₹25,00,000",117,3,8,4,4,2,5,1,72.4,40.6,8,4,1850000
RESP_IN_01352,"< ₹3,00,000",119,4,9,4,1,4,4,3,82.8,29.5,10,1,200000
RESP_IN_01353,"₹3,00,000 - ₹6,00,000",111,4,8,5,4,4,2,3,100.0,17.6,10,2,450000
RESP_IN_01354,"< ₹3,00,000",137,5,12,1,3,5,3,1,85.2,36.2,10,1,200000
RESP_IN_01355,"₹3,00,000 - ₹6,00,000",157,6,10,1,1,5,3,3,94.4,29.3,10,2,450000
RESP_IN_01356,"₹6,00,000 - ₹12,00,000",70,3,6,4,3,3,4,1,90.6,42.2,7,3,900000
RESP_IN_01357,"₹6,00,000 - ₹12,00,000",83,2,5,1,4,4,2,2,86.9,18.9,7,3,900000
RESP_IN_01358,"₹3,00,000 - ₹6,00,000",100,3,6,3,3,4,2,3,86.7,29.6,10,2,450000
RESP_IN_01359,"₹12,00,000 - ₹25,00,000",129,5,10,2,4,5,2,3,98.9,25.5,10,4,1850000
RESP_IN_01360,"₹6,00,000 - ₹12,00,000",117,5,8,3,4,5,1,3,100.0,16.8,10,3,900000
RESP_IN_01361,"₹6,00,000 - ₹12,00,000",145,5,6,4,4,5,4,5,100.0,21.3,10,3,900000
RESP_IN_01362,"₹6,00,000 - ₹12,00,000",115,4,7,2,4,4,1,5,99.9,16.2,10,3,900000
RESP_IN_01363,"> ₹25,00,000",88,3,6,5,3,2,2,3,87.0,21.4,9,5,3500000
RESP_IN_01364,"₹3,00,000 - ₹6,00,000",81,3,4,3,4,3,4,3,93.3,31.4,8,2,450000
RESP_IN_01365,"₹6,00,000 - ₹12,00,000",152,7,8,4,2,5,3,1,99.1,32.0,10,3,900000
RESP_IN_01366,"₹6,00,000 - ₹12,00,000",89,2,2,3,4,3,1,2,85.0,27.7,8,3,900000
RESP_IN_01367,"> ₹25,00,000",143,6,9,2,3,5,1,4,100.0,7.3,10,5,3500000
RESP_IN_01368,"₹6,00,000 - ₹12,00,000",106,4,8,2,1,5,2,4,98.0,24.7,10,3,900000
RESP_IN_01369,"₹12,00,000 - ₹25,00,000",66,2,5,1,4,4,1,3,82.2,14.4,9,4,1850000
RESP_IN_01370,"< ₹3,00,000",127,5,7,4,2,5,2,2,97.7,25.7,10,1,200000
RESP_IN_01371,"₹3,00,000 - ₹6,00,000",109,3,4,3,4,5,1,3,86.7,20.1,10,2,450000
RESP_IN_01372,"< ₹3,00,000",52,1,2,1,5,3,3,2,80.5,32.4,5,1,200000
RESP_IN_01373,"< ₹3,00,000",127,5,7,1,1,5,1,4,90.3,16.7,10,1,200000
RESP_IN_01374,"₹3,00,000 - ₹6,00,000",103,3,5,3,3,4,1,3,74.0,22.2,10,2,450000
RESP_IN_01375,"₹6,00,000 - ₹12,00,000",130,4,7,1,4,5,4,5,93.9,19.2,10,3,900000
RESP_IN_01376,"> ₹25,00,000",113,4,5,2,2,5,1,2,90.3,18.9,10,5,3500000
RESP_IN_01377,"₹3,00,000 - ₹6,00,000",112,4,8,1,5,5,2,2,87.2,23.1,10,2,450000
RESP_IN_01378,"₹6,00,000 - ₹12,00,000",131,5,5,1,1,5,3,3,85.0,26.3,10,3,900000
RESP_IN_01379,"₹3,00,000 - ₹6,00,000",153,7,9,2,5,5,2,4,87.8,21.4,10,2,450000
RESP_IN_01380,"> ₹25,00,000",129,6,8,3,3,5,1,3,100.0,24.1,10,5,3500000
RESP_IN_01381,"< ₹3,00,000",90,3,8,2,3,5,3,3,91.7,25.0,10,1,200000
RESP_IN_01382,"₹3,00,000 - ₹6,00,000",83,2,7,2,5,4,4,1,79.5,41.6,9,2,450000
RESP_IN_01383,"< ₹3,00,000",122,4,6,1,1,5,1,1,79.9,23.3,10,1,200000
RESP_IN_01384,"> ₹25,00,000",135,6,10,5,5,4,4,4,92.2,25.0,10,5,3500000
RESP_IN_01385,"> ₹25,00,000",99,3,5,2,4,4,4,5,84.6,24.6,9,5,3500000
RESP_IN_01386,"₹3,00,000 - ₹6,00,000",137,4,4,3,2,5,3,5,86.3,25.9,10,2,450000
RESP_IN_01387,"₹3,00,000 - ₹6,00,000",122,4,9,2,5,5,3,2,73.8,26.1,10,2,450000
RESP_IN_01388,"₹3,00,000 - ₹6,00,000",46,1,3,1,1,3,3,1,81.2,26.9,5,2,450000
RESP_IN_01389,"₹3,00,000 - ₹6,00,000",115,5,12,5,3,5,3,3,86.3,26.9,10,2,450000
RESP_IN_01390,"₹6,00,000 - ₹12,00,000",77,2,5,3,3,3,4,4,83.6,22.5,8,3,900000
RESP_IN_01391,"₹6,00,000 - ₹12,00,000",118,4,9,4,1,3,5,2,88.0,35.8,8,3,900000
RESP_IN_01392,"₹3,00,000 - ₹6,00,000",170,7,7,2,1,5,2,2,100.0,26.6,10,2,450000
RESP_IN_01393,"< ₹3,00,000",85,3,5,3,2,3,5,3,85.5,31.5,8,1,200000
RESP_IN_01394,"< ₹3,00,000",105,3,8,1,5,4,3,5,95.8,13.1,10,1,200000
RESP_IN_01395,"< ₹3,00,000",172,7,7,4,4,5,1,1,100.0,23.7,10,1,200000
RESP_IN_01396,"₹6,00,000 - ₹12,00,000",104,2,7,2,3,3,1,3,85.6,26.0,10,3,900000
RESP_IN_01397,"₹3,00,000 - ₹6,00,000",135,6,10,3,3,5,1,4,100.0,16.5,10,2,450000
RESP_IN_01398,"₹3,00,000 - ₹6,00,000",127,3,5,2,3,5,2,4,85.4,26.9,10,2,450000
RESP_IN_01399,"₹12,00,000 - ₹25,00,000",120,4,10,1,5,4,3,3,97.0,23.8,10,4,1850000
RESP_IN_01400,"> ₹25,00,000",158,5,7,3,3,5,2,3,94.5,17.6,10,5,3500000
RESP_IN_01401,"₹6,00,000 - ₹12,00,000",137,5,7,3,3,5,2,2,90.9,24.3,10,3,900000
RESP_IN_01402,"₹6,00,000 - ₹12,00,000",67,3,6,2,1,4,3,3,98.9,27.3,9,3,900000
RESP_IN_01403,"< ₹3,00,000",104,3,8,2,4,3,2,2,80.8,24.7,10,1,200000
RESP_IN_01404,"< ₹3,00,000",107,4,7,2,5,5,2,5,97.4,16.7,10,1,200000
RESP_IN_01405,"₹6,00,000 - ₹12,00,000",148,7,10,1,3,5,1,2,92.8,18.2,10,3,900000
RESP_IN_01406,"₹3,00,000 - ₹6,00,000",102,3,5,2,5,3,2,1,76.1,29.9,9,2,450000
RESP_IN_01407,"< ₹3,00,000",118,5,7,3,3,5,1,3,89.0,20.8,10,1,200000
RESP_IN_01408,"₹12,00,000 - ₹25,00,000",94,2,5,2,2,5,4,4,70.9,21.9,9,4,1850000
RESP_IN_01409,"₹3,00,000 - ₹6,00,000",128,4,5,5,5,5,3,3,84.5,37.9,10,2,450000
RESP_IN_01410,"₹3,00,000 - ₹6,00,000",150,7,13,4,2,5,4,2,99.9,37.5,10,2,450000
RESP_IN_01411,"< ₹3,00,000",103,3,5,3,3,2,2,5,75.4,19.8,10,1,200000
RESP_IN_01412,"₹3,00,000 - ₹6,00,000",112,3,9,2,3,4,4,2,89.2,35.1,10,2,450000
RESP_IN_01413,"₹12,00,000 - ₹25,00,000",120,5,8,2,2,5,3,3,100.0,25.9,10,4,1850000
RESP_IN_01414,"₹6,00,000 - ₹12,00,000",105,3,5,3,3,4,1,3,82.6,19.2,10,3,900000
RESP_IN_01415,"₹3,00,000 - ₹6,00,000",130,4,5,4,3,5,1,3,87.2,21.0,10,2,450000
RESP_IN_01416,"< ₹3,00,000",153,5,7,1,5,5,4,4,94.8,23.6,10,1,200000
RESP_IN_01417,"₹3,00,000 - ₹6,00,000",144,5,8,2,4,5,1,2,97.6,24.2,10,2,450000
RESP_IN_01418,"₹3,00,000 - ₹6,00,000",119,5,10,3,1,5,3,3,91.7,27.5,10,2,450000
RESP_IN_01419,"₹6,00,000 - ₹12,00,000",143,6,10,2,1,5,4,4,100.0,33.4,10,3,900000
RESP_IN_01420,"< ₹3,00,000",101,3,7,5,1,4,2,2,84.8,21.0,10,1,200000
RESP_IN_01421,"₹12,00,000 - ₹25,00,000",116,5,9,2,4,5,4,2,93.2,37.5,10,4,1850000
RESP_IN_01422,"₹3,00,000 - ₹6,00,000",138,4,8,4,4,5,1,2,90.5,14.5,10,2,450000
RESP_IN_01423,"₹3,00,000 - ₹6,00,000",110,4,7,4,4,5,4,1,95.4,29.9,10,2,450000
RESP_IN_01424,"₹3,00,000 - ₹6,00,000",89,2,1,4,3,2,2,1,86.2,28.1,7,2,450000
RESP_IN_01425,"₹6,00,000 - ₹12,00,000",61,2,7,2,3,3,2,3,92.1,21.3,9,3,900000
RESP_IN_01426,"₹6,00,000 - ₹12,00,000",96,2,6,1,2,4,1,3,86.4,16.4,9,3,900000
RESP_IN_01427,"₹6,00,000 - ₹12,00,000",91,2,5,4,5,2,1,1,91.2,31.4,9,3,900000
RESP_IN_01428,"₹12,00,000 - ₹25,00,000",70,2,5,3,2,2,4,4,77.1,26.6,7,4,1850000
RESP_IN_01429,"₹3,00,000 - ₹6,00,000",163,7,10,2,1,5,5,4,100.0,25.8,10,2,450000
RESP_IN_01430,"₹6,00,000 - ₹12,00,000",108,3,5,3,2,4,1,2,77.3,26.9,10,3,900000
RESP_IN_01431,"₹6,00,000 - ₹12,00,000",136,4,6,2,4,5,4,2,81.8,35.1,10,3,900000
RESP_IN_01432,"₹3,00,000 - ₹6,00,000",96,4,8,1,3,5,1,3,100.0,25.5,10,2,450000
RESP_IN_01433,"< ₹3,00,000",148,6,8,5,4,5,4,1,100.0,41.4,10,1,200000
RESP_IN_01434,"₹6,00,000 - ₹12,00,000",83,3,4,1,2,5,1,1,93.5,33.7,10,3,900000
RESP_IN_01435,"₹3,00,000 - ₹6,00,000",96,3,4,2,3,4,2,3,87.6,25.6,10,2,450000
RESP_IN_01436,"₹3,00,000 - ₹6,00,000",90,3,4,2,3,4,2,2,63.7,21.6,10,2,450000
RESP_IN_01437,"₹12,00,000 - ₹25,00,000",128,5,5,3,4,4,3,2,100.0,31.0,10,4,1850000
RESP_IN_01438,"₹3,00,000 - ₹6,00,000",107,4,8,5,1,4,3,1,88.8,32.1,10,2,450000
RESP_IN_01439,"₹6,00,000 - ₹12,00,000",89,3,5,3,3,3,4,4,93.4,19.9,9,3,900000
RESP_IN_01440,"₹6,00,000 - ₹12,00,000",92,3,9,2,5,5,1,3,86.8,24.1,10,3,900000
RESP_IN_01441,"₹6,00,000 - ₹12,00,000",60,1,1,3,3,2,3,3,76.0,23.2,4,3,900000
RESP_IN_01442,"₹6,00,000 - ₹12,00,000",107,4,8,2,1,5,1,3,100.0,18.8,10,3,900000
RESP_IN_01443,"< ₹3,00,000",114,4,7,1,3,5,5,3,100.0,37.1,10,1,200000
RESP_IN_01444,"< ₹3,00,000",93,3,7,5,2,4,2,4,84.4,18.3,9,1,200000
RESP_IN_01445,"> ₹25,00,000",100,4,8,2,1,4,4,2,78.9,28.4,9,5,3500000
RESP_IN_01446,"₹3,00,000 - ₹6,00,000",83,3,6,1,2,5,3,3,90.5,27.4,9,2,450000
RESP_IN_01447,"₹3,00,000 - ₹6,00,000",112,4,8,4,4,3,3,4,90.7,22.3,10,2,450000
RESP_IN_01448,"₹6,00,000 - ₹12,00,000",116,4,8,2,3,5,4,1,91.9,33.8,10,3,900000
RESP_IN_01449,"> ₹25,00,000",109,5,8,2,4,5,4,3,79.3,28.9,10,5,3500000
RESP_IN_01450,"₹3,00,000 - ₹6,00,000",115,4,6,3,2,5,4,4,87.3,28.0,10,2,450000
RESP_IN_01451,"< ₹3,00,000",110,4,7,3,3,4,4,2,79.4,32.9,9,1,200000
RESP_IN_01452,"₹3,00,000 - ₹6,00,000",120,5,9,1,3,5,3,4,79.2,19.1,10,2,450000
RESP_IN_01453,"< ₹3,00,000",83,3,5,2,4,5,5,4,97.4,33.9,10,1,200000
RESP_IN_01454,"₹6,00,000 - ₹12,00,000",133,5,6,4,3,5,1,2,100.0,25.0,10,3,900000
RESP_IN_01455,"₹12,00,000 - ₹25,00,000",89,3,4,3,2,5,5,1,71.1,39.7,7,4,1850000
RESP_IN_01456,"₹3,00,000 - ₹6,00,000",123,3,7,2,4,4,2,1,77.3,32.1,10,2,450000
RESP_IN_01457,"₹3,00,000 - ₹6,00,000",121,4,6,2,4,5,2,3,85.4,14.9,10,2,450000
RESP_IN_01458,"< ₹3,00,000",111,5,9,2,4,4,4,2,84.4,35.3,10,1,200000
RESP_IN_01459,"< ₹3,00,000",107,4,7,3,3,5,2,3,71.9,26.9,10,1,200000
RESP_IN_01460,"₹6,00,000 - ₹12,00,000",107,3,5,3,3,4,5,3,88.7,27.7,7,3,900000
RESP_IN_01461,"> ₹25,00,000",145,6,7,4,5,5,3,2,100.0,25.3,10,5,3500000
RESP_IN_01462,"< ₹3,00,000",82,2,3,3,3,2,3,4,92.5,28.0,7,1,200000
RESP_IN_01463,"₹3,00,000 - ₹6,00,000",90,2,6,3,1,1,1,3,92.9,17.7,7,2,450000
RESP_IN_01464,"< ₹3,00,000",114,3,8,4,1,3,4,3,89.9,31.6,9,1,200000
RESP_IN_01465,"< ₹3,00,000",111,4,8,1,3,5,3,5,83.6,13.1,10,1,200000
RESP_IN_01466,"₹12,00,000 - ₹25,00,000",81,2,6,2,3,5,4,3,80.2,34.0,9,4,1850000
RESP_IN_01467,"₹3,00,000 - ₹6,00,000",122,4,8,2,1,5,3,3,72.0,23.4,10,2,450000
RESP_IN_01468,"> ₹25,00,000",159,7,10,2,3,5,1,2,83.0,19.0,10,5,3500000
RESP_IN_01469,"₹6,00,000 - ₹12,00,000",90,3,5,4,2,4,1,3,86.2,18.5,10,3,900000
RESP_IN_01470,"₹6,00,000 - ₹12,00,000",83,2,6,3,5,4,1,3,69.7,19.3,10,3,900000
RESP_IN_01471,"₹12,00,000 - ₹25,00,000",144,5,5,2,3,5,2,3,100.0,30.5,10,4,1850000
RESP_IN_01472,"₹3,00,000 - ₹6,00,000",116,4,5,4,5,3,2,1,86.6,28.5,10,2,450000
RESP_IN_01473,"₹3,00,000 - ₹6,00,000",90,3,3,4,5,4,2,1,85.8,29.5,10,2,450000
RESP_IN_01474,"₹3,00,000 - ₹6,00,000",83,3,5,2,4,4,1,3,90.2,15.6,10,2,450000
RESP_IN_01475,"> ₹25,00,000",84,2,4,2,5,2,2,4,100.0,16.2,10,5,3500000
RESP_IN_01476,"< ₹3,00,000",117,4,8,5,1,4,2,3,80.9,19.0,10,1,200000
RESP_IN_01477,"₹12,00,000 - ₹25,00,000",79,2,5,2,4,3,1,3,86.7,16.6,10,4,1850000
RESP_IN_01478,"₹3,00,000 - ₹6,00,000",116,5,9,4,3,5,2,3,95.6,25.5,10,2,450000
RESP_IN_01479,"₹3,00,000 - ₹6,00,000",162,7,10,1,3,5,1,2,93.0,19.8,10,2,450000
RESP_IN_01480,"₹3,00,000 - ₹6,00,000",96,3,6,1,1,5,3,4,86.5,25.2,10,2,450000
RESP_IN_01481,"₹6,00,000 - ₹12,00,000",96,3,7,3,1,4,1,4,100.0,18.7,10,3,900000
RESP_IN_01482,"₹3,00,000 - ₹6,00,000",102,3,6,1,4,5,4,4,90.8,26.1,9,2,450000
RESP_IN_01483,"< ₹3,00,000",42,1,3,2,2,2,1,4,95.4,19.9,7,1,200000
RESP_IN_01484,"₹3,00,000 - ₹6,00,000",96,2,6,3,3,3,1,2,88.0,31.1,8,2,450000
RESP_IN_01485,"₹6,00,000 - ₹12,00,000",152,7,7,2,4,5,1,4,100.0,17.0,10,3,900000
RESP_IN_01486,"₹6,00,000 - ₹12,00,000",173,7,7,4,3,5,2,4,84.4,23.7,10,3,900000
RESP_IN_01487,"< ₹3,00,000",126,6,8,3,4,5,3,3,98.3,30.7,10,1,200000
RESP_IN_01488,"₹3,00,000 - ₹6,00,000",126,5,9,1,5,5,3,3,100.0,26.1,10,2,450000
RESP_IN_01489,"₹6,00,000 - ₹12,00,000",64,3,8,1,4,3,3,3,96.6,23.8,8,3,900000
RESP_IN_01490,"₹3,00,000 - ₹6,00,000",116,3,7,1,4,5,4,1,94.9,38.2,10,2,450000
RESP_IN_01491,"< ₹3,00,000",113,4,11,2,5,5,2,3,74.5,23.4,10,1,200000
RESP_IN_01492,"₹6,00,000 - ₹12,00,000",99,2,4,3,2,4,4,3,71.3,24.4,8,3,900000
RESP_IN_01493,"₹3,00,000 - ₹6,00,000",147,7,8,3,5,5,3,3,94.2,25.4,10,2,450000
RESP_IN_01494,"₹6,00,000 - ₹12,00,000",111,5,7,4,3,5,2,3,81.5,23.9,10,3,900000
RESP_IN_01495,"₹12,00,000 - ₹25,00,000",152,6,9,4,1,5,3,5,83.5,20.2,10,4,1850000
RESP_IN_01496,"₹6,00,000 - ₹12,00,000",117,4,6,4,3,5,2,4,89.3,23.9,10,3,900000
RESP_IN_01497,"₹3,00,000 - ₹6,00,000",139,6,9,3,2,4,2,2,100.0,29.1,10,2,450000
RESP_IN_01498,"₹3,00,000 - ₹6,00,000",86,2,6,5,4,2,4,4,89.6,27.7,7,2,450000
RESP_IN_01499,"< ₹3,00,000",131,4,7,1,4,5,2,5,97.0,13.3,10,1,200000
RESP_IN_01500,"< ₹3,00,000",87,2,7,2,2,2,3,3,78.1,26.7,8,1,200000
